family,value,variant,kappa,n_abeta,status,t_end_ms,v2_rest_mV,dv_mid_mV,dv_lesion_mV,dv_lesion_z_mm,v2_peak_lesion_mV,hyp_lesion_mV,ue_max_mV,ue_min_mV,stim_nA,r_e,A_e_um2,c_spike,c_overshoot,c_init_z_mm,c_init_t_ms,c_cv,c_span_mm,ab_conducts,ab_cv_lesion,ab_cv_free
HH_temperature,6.3,HH_phi1_gNa120,1e+09,1,quiescent,4,-64.9997,1.55671,1.55932,6,-63.4404,-0.458317,0.903698,-3.09625,3.022,6.09742e+10,16.4004,False,False,nan,nan,nan,0,True,38.374,39.9899
HH_temperature,6.3,HH_phi1_gNa120,1e+09,10,quiescent,4,-64.9996,10.773,10.9296,6,-54.07,-4.31384,8.20066,-21.0286,3.022,6.09742e+10,16.4004,False,False,nan,nan,nan,0,True,26.9269,40.3539
HH_temperature,6.3,HH_phi1_gNa120,1e+09,15,quiescent,4,-64.9996,13.8963,14.2303,6,-50.7692,-6.2078,11.5674,-26.9508,3.022,6.09742e+10,16.4004,False,False,nan,nan,nan,0,True,22.3019,40.5086
HH_temperature,6.3,HH_phi1_gNa120,1e+09,20,quiescent,4,-64.9995,16.3608,16.9776,7,-48.0219,-7.93892,14.5098,-31.5969,3.022,6.09742e+10,16.4004,False,False,nan,nan,nan,0,True,17.917,40.6381
HH_temperature,6.3,HH_phi1_gNa120,1e+09,25,quiescent,4,-64.9995,18.4403,19.336,6,-45.6634,-9.52625,17.095,-35.0581,3.022,6.09742e+10,16.4004,False,False,nan,nan,nan,0,False,nan,40.7493
HH_temperature,6.3,HH_phi1_gNa120,1e+09,30,quiescent,4,-64.9994,20.3145,20.3145,5,-44.6849,-10.9878,19.3815,-37.0252,3.022,6.09742e+10,16.4004,False,False,nan,nan,nan,0,False,nan,40.8465
HH_temperature,6.3,HH_phi1_gNa120,1e+09,40,quiescent,4,-64.9994,0.0186553,21.0703,4,-43.9291,-13.5949,23.2377,-38.6451,3.022,6.09742e+10,16.4004,False,False,nan,nan,nan,0,False,nan,41.0116
HH_temperature,6.3,HH_phi1_gNa120,1e+09,50,quiescent,4,-64.9993,0.0212377,23.5108,4,-41.4885,-15.8604,26.3652,-42.6234,3.022,6.09742e+10,16.4004,False,False,nan,nan,nan,0,False,nan,41.1581
HH_temperature,6.3,HH_phi1_gNa120,1e+09,75,quiescent,4,-64.9991,0.0250795,20.6735,3,-44.3257,-20.4146,32.0513,-38.1738,3.022,6.09742e+10,16.4004,False,False,nan,nan,nan,0,False,nan,41.4431
HH_temperature,6.3,HH_phi1_gNa120,1e+09,100,quiescent,4,-64.999,0.0289225,26.9055,3,-38.0936,-23.7264,35.8496,-49.0391,3.022,6.09742e+10,16.4004,False,False,nan,nan,nan,0,False,nan,41.6615
HH_temperature,6.3,HH_phi1_gNa120,1e+09,150,quiescent,4,-64.9988,0.030773,4.15594,3.09,-60.8438,-27.5311,40.5494,-2.17989,3.022,6.09742e+10,16.4004,False,False,nan,nan,nan,0,False,nan,42.0096
HH_temperature,6.3,HH_phi1_gNa120,1e+09,200,quiescent,4,-64.9987,0.0349624,4.42882,3.09,-60.571,-29.436,43.3402,-2.82466,3.022,6.09742e+10,16.4004,False,False,nan,nan,nan,0,False,nan,42.2899
HH_temperature,6.3,HH_phi1_gNa120,1e+09,300,quiescent,4,-64.9985,0.0402164,4.68256,3.09,-60.3172,-31.1618,46.5746,-3.99968,3.022,6.09742e+10,16.4004,False,False,nan,nan,nan,0,False,nan,42.7191
HH_temperature,6.3,HH_phi1_gNa120,1e+10,1,quiescent,4,-64.9997,0.76958,0.770423,6,-64.2293,-0.206821,0.268048,-1.02111,3.022,6.09742e+10,16.4004,False,False,nan,nan,nan,0,True,39.5833,39.9537
HH_temperature,6.3,HH_phi1_gNa120,1e+10,10,quiescent,4,-64.9997,6.65708,6.67715,7,-58.3225,-2.0355,2.62376,-8.81723,3.022,6.09742e+10,16.4004,False,False,nan,nan,nan,0,True,35.1789,40.0669
HH_temperature,6.3,HH_phi1_gNa120,1e+10,15,quiescent,4,-64.9997,9.28544,9.34032,7,-55.6593,-3.01845,3.87736,-12.3069,3.022,6.09742e+10,16.4004,False,False,nan,nan,nan,0,True,33.0827,40.1226
HH_temperature,6.3,HH_phi1_gNa120,1e+10,20,quiescent,4,-64.9996,11.5745,11.673,7,-53.3266,-3.97395,5.08592,-15.3377,3.022,6.09742e+10,16.4004,False,False,nan,nan,nan,0,True,31.177,40.1739
HH_temperature,6.3,HH_phi1_gNa120,1e+10,25,quiescent,4,-64.9996,13.586,13.7422,7,-51.2574,-4.90111,6.25308,-18.0047,3.022,6.09742e+10,16.4004,False,False,nan,nan,nan,0,True,29.4334,40.2235
HH_temperature,6.3,HH_phi1_gNa120,1e+10,30,quiescent,4,-64.9996,15.3681,15.5953,7,-49.4043,-5.799,7.3761,-20.3815,3.022,6.09742e+10,16.4004,False,False,nan,nan,nan,0,True,27.8137,40.2708
HH_temperature,6.3,HH_phi1_gNa120,1e+10,40,quiescent,4,-64.9996,18.406,18.7963,7,-46.2033,-7.50673,9.48665,-24.429,3.022,6.09742e+10,16.4004,False,False,nan,nan,nan,0,True,24.8567,40.3559
HH_temperature,6.3,HH_phi1_gNa120,1e+10,50,quiescent,4,-64.9995,20.9197,21.5124,7,-43.4871,-9.09962,11.4372,-27.806,3.022,6.09742e+10,16.4004,False,False,nan,nan,nan,0,True,22.1419,40.4303
HH_temperature,6.3,HH_phi1_gNa120,1e+10,75,quiescent,4,-64.9995,25.8239,27.2666,7,-37.7329,-12.6501,15.6882,-34.4487,3.022,6.09742e+10,16.4004,False,False,nan,nan,nan,0,True,15.0858,40.5822
HH_temperature,6.3,HH_phi1_gNa120,1e+10,100,quiescent,4,-64.9994,29.7439,29.7439,5,-35.2555,-15.6773,19.2256,-37.8245,3.022,6.09742e+10,16.4004,False,False,nan,nan,nan,0,False,nan,40.6999
HH_temperature,6.3,HH_phi1_gNa120,1e+10,150,quiescent,4,-64.9993,0.00769569,32.2991,4,-32.7002,-20.5717,24.7452,-41.1485,3.022,6.09742e+10,16.4004,False,False,nan,nan,nan,0,False,nan,40.8742
HH_temperature,6.3,HH_phi1_gNa120,1e+10,200,quiescent,4,-64.9992,0.00830114,27.5136,3,-37.4856,-24.3392,28.8476,-35.8707,3.022,6.09742e+10,16.4004,False,False,nan,nan,nan,0,False,nan,41.0008
HH_temperature,6.3,HH_phi1_gNa120,1e+10,300,quiescent,4,-64.999,0.0104273,33.3321,3,-31.667,-29.661,34.4752,-42.5308,3.022,6.09742e+10,16.4004,False,False,nan,nan,nan,0,False,nan,41.1953
HH_temperature,10,HH_phi1.5_gNa120,1e+09,1,quiescent,4,-64.9997,1.55667,1.55927,6,-63.4404,-0.458358,0.903699,-3.09625,3.022,6.09742e+10,16.4004,False,False,nan,nan,nan,0,True,38.374,39.9899
HH_temperature,10,HH_phi1.5_gNa120,1e+09,10,quiescent,4,-64.9996,10.7725,10.929,6,-54.0706,-4.31424,8.20068,-21.0286,3.022,6.09742e+10,16.4004,False,False,nan,nan,nan,0,True,26.9268,40.3539
HH_temperature,10,HH_phi1.5_gNa120,1e+09,15,quiescent,4,-64.9996,13.8955,14.2295,6,-50.7701,-6.20839,11.5675,-26.9508,3.022,6.09742e+10,16.4004,False,False,nan,nan,nan,0,True,22.3019,40.5086
HH_temperature,10,HH_phi1.5_gNa120,1e+09,20,quiescent,4,-64.9995,16.3598,16.9762,7,-48.0233,-7.9397,14.5098,-31.597,3.022,6.09742e+10,16.4004,False,False,nan,nan,nan,0,True,17.917,40.6381
HH_temperature,10,HH_phi1.5_gNa120,1e+09,25,quiescent,4,-64.9995,18.4393,19.3352,6,-45.6643,-9.52723,17.095,-35.0581,3.022,6.09742e+10,16.4004,False,False,nan,nan,nan,0,False,nan,40.7493
HH_temperature,10,HH_phi1.5_gNa120,1e+09,30,quiescent,4,-64.9994,20.3137,20.3137,5,-44.6858,-10.989,19.3815,-37.0252,3.022,6.09742e+10,16.4004,False,False,nan,nan,nan,0,False,nan,40.8465
HH_temperature,10,HH_phi1.5_gNa120,1e+09,40,quiescent,4,-64.9994,0.0226125,21.0696,4,-43.9297,-13.5964,23.2377,-38.645,3.022,6.09742e+10,16.4004,False,False,nan,nan,nan,0,False,nan,41.0116
HH_temperature,10,HH_phi1.5_gNa120,1e+09,50,quiescent,4,-64.9993,0.0259235,23.5116,4,-41.4877,-15.8623,26.3653,-42.6234,3.022,6.09742e+10,16.4004,False,False,nan,nan,nan,0,False,nan,41.1581
HH_temperature,10,HH_phi1.5_gNa120,1e+09,75,quiescent,4,-64.9991,0.0306682,20.6752,3,-44.324,-20.4172,32.0513,-38.1738,3.022,6.09742e+10,16.4004,False,False,nan,nan,nan,0,False,nan,41.4431
HH_temperature,10,HH_phi1.5_gNa120,1e+09,100,quiescent,4,-64.999,0.0350904,26.917,3,-38.0821,-23.7293,35.8497,-49.0399,3.022,6.09742e+10,16.4004,False,False,nan,nan,nan,0,False,nan,41.6615
HH_temperature,10,HH_phi1.5_gNa120,1e+09,150,quiescent,4,-64.9988,0.0371833,4.15961,3.09,-60.8402,-27.534,40.5494,-2.17984,3.022,6.09742e+10,16.4004,False,False,nan,nan,nan,0,False,nan,42.0096
HH_temperature,10,HH_phi1.5_gNa120,1e+09,200,quiescent,4,-64.9987,0.0419396,4.43307,3.09,-60.5667,-29.4387,43.3403,-2.82459,3.022,6.09742e+10,16.4004,False,False,nan,nan,nan,0,False,nan,42.2899
HH_temperature,10,HH_phi1.5_gNa120,1e+09,300,quiescent,4,-64.9985,0.0477907,4.68764,3.09,-60.3121,-31.164,46.5746,-3.9996,3.022,6.09742e+10,16.4004,False,False,nan,nan,nan,0,False,nan,42.7191
HH_temperature,10,HH_phi1.5_gNa120,1e+10,1,quiescent,4,-64.9997,0.769573,0.770416,6,-64.2293,-0.20683,0.268049,-1.02111,3.022,6.09742e+10,16.4004,False,False,nan,nan,nan,0,True,39.5833,39.9537
HH_temperature,10,HH_phi1.5_gNa120,1e+10,10,quiescent,4,-64.9997,6.65699,6.67706,7,-58.3226,-2.03559,2.62376,-8.81723,3.022,6.09742e+10,16.4004,False,False,nan,nan,nan,0,True,35.1789,40.0669
HH_temperature,10,HH_phi1.5_gNa120,1e+10,15,quiescent,4,-64.9997,9.28532,9.34018,7,-55.6595,-3.01859,3.87737,-12.3069,3.022,6.09742e+10,16.4004,False,False,nan,nan,nan,0,True,33.0827,40.1226
HH_temperature,10,HH_phi1.5_gNa120,1e+10,20,quiescent,4,-64.9996,11.5743,11.6728,7,-53.3268,-3.97412,5.08593,-15.3377,3.022,6.09742e+10,16.4004,False,False,nan,nan,nan,0,True,31.177,40.1739
HH_temperature,10,HH_phi1.5_gNa120,1e+10,25,quiescent,4,-64.9996,13.5858,13.742,7,-51.2577,-4.90132,6.25309,-18.0047,3.022,6.09742e+10,16.4004,False,False,nan,nan,nan,0,True,29.4334,40.2235
HH_temperature,10,HH_phi1.5_gNa120,1e+10,30,quiescent,4,-64.9996,15.3678,15.595,7,-49.4047,-5.79925,7.37611,-20.3815,3.022,6.09742e+10,16.4004,False,False,nan,nan,nan,0,True,27.8137,40.2708
HH_temperature,10,HH_phi1.5_gNa120,1e+10,40,quiescent,4,-64.9996,18.4057,18.7959,7,-46.2037,-7.50707,9.48665,-24.429,3.022,6.09742e+10,16.4004,False,False,nan,nan,nan,0,True,24.8567,40.3559
HH_temperature,10,HH_phi1.5_gNa120,1e+10,50,quiescent,4,-64.9995,20.9193,21.512,7,-43.4875,-9.10004,11.4372,-27.806,3.022,6.09742e+10,16.4004,False,False,nan,nan,nan,0,True,22.1419,40.4303
HH_temperature,10,HH_phi1.5_gNa120,1e+10,75,quiescent,4,-64.9995,25.8236,27.2668,7,-37.7327,-12.6507,15.6882,-34.4487,3.022,6.09742e+10,16.4004,False,False,nan,nan,nan,0,True,15.0858,40.5822
HH_temperature,10,HH_phi1.5_gNa120,1e+10,100,quiescent,4,-64.9994,29.7441,29.7441,5,-35.2553,-15.678,19.2256,-37.8245,3.022,6.09742e+10,16.4004,False,False,nan,nan,nan,0,False,nan,40.6999
HH_temperature,10,HH_phi1.5_gNa120,1e+10,150,quiescent,4,-64.9993,0.00967095,32.3,4,-32.6993,-20.5727,24.7452,-41.1486,3.022,6.09742e+10,16.4004,False,False,nan,nan,nan,0,False,nan,40.8742
HH_temperature,10,HH_phi1.5_gNa120,1e+10,200,quiescent,4,-64.9992,0.0101516,27.5143,3,-37.4849,-24.3403,28.8476,-35.8707,3.022,6.09742e+10,16.4004,False,False,nan,nan,nan,0,False,nan,41.0008
HH_temperature,10,HH_phi1.5_gNa120,1e+10,300,quiescent,4,-64.999,0.0125784,33.3371,3,-31.662,-29.662,34.4752,-42.5308,3.022,6.09742e+10,16.4004,False,False,nan,nan,nan,0,False,nan,41.1953
HH_temperature,15,HH_phi2.6_gNa120,1e+09,1,quiescent,4,-64.9997,1.55661,1.55922,6,-63.4405,-0.458435,0.903702,-3.09624,3.022,6.09742e+10,16.4004,False,False,nan,nan,nan,0,True,38.374,39.9899
HH_temperature,15,HH_phi2.6_gNa120,1e+09,10,quiescent,4,-64.9996,10.772,10.9286,6,-54.071,-4.31497,8.2007,-21.0286,3.022,6.09742e+10,16.4004,False,False,nan,nan,nan,0,True,26.9268,40.3539
HH_temperature,15,HH_phi2.6_gNa120,1e+09,15,quiescent,4,-64.9996,13.8952,14.2294,6,-50.7702,-6.20944,11.5675,-26.9508,3.022,6.09742e+10,16.4004,False,False,nan,nan,nan,0,True,22.3018,40.5086
HH_temperature,15,HH_phi2.6_gNa120,1e+09,20,quiescent,4,-64.9995,16.36,16.9764,7,-48.0231,-7.94106,14.5099,-31.5972,3.022,6.09742e+10,16.4004,False,False,nan,nan,nan,0,True,17.9168,40.6381
HH_temperature,15,HH_phi2.6_gNa120,1e+09,25,quiescent,4,-64.9995,18.4404,19.338,6,-45.6614,-9.52888,17.095,-35.0583,3.022,6.09742e+10,16.4004,False,False,nan,nan,nan,0,False,nan,40.7493
HH_temperature,15,HH_phi2.6_gNa120,1e+09,30,quiescent,4,-64.9994,20.3165,20.3165,5,-44.6829,-10.9909,19.3815,-37.0253,3.022,6.09742e+10,16.4004,False,False,nan,nan,nan,0,False,nan,40.8465
HH_temperature,15,HH_phi2.6_gNa120,1e+09,40,quiescent,4,-64.9994,0.0269314,21.0736,4,-43.9258,-13.5989,23.2378,-38.645,3.022,6.09742e+10,16.4004,False,False,nan,nan,nan,0,False,nan,41.0116
HH_temperature,15,HH_phi2.6_gNa120,1e+09,50,quiescent,4,-64.9993,0.0312039,23.5211,4,-41.4782,-15.8651,26.3653,-42.6235,3.022,6.09742e+10,16.4004,False,False,nan,nan,nan,0,False,nan,41.1581
HH_temperature,15,HH_phi2.6_gNa120,1e+09,75,quiescent,4,-64.9991,0.0361851,20.6878,3,-44.3114,-20.4205,32.0514,-38.1738,3.022,6.09742e+10,16.4004,False,False,nan,nan,nan,0,False,nan,41.4431
HH_temperature,15,HH_phi2.6_gNa120,1e+09,100,quiescent,4,-64.999,0.0409719,26.9521,3,-38.047,-23.7324,35.8497,-49.0411,3.022,6.09742e+10,16.4004,False,False,nan,nan,nan,0,False,nan,41.6615
HH_temperature,15,HH_phi2.6_gNa120,1e+09,150,quiescent,4,-64.9988,0.0431934,4.1674,3.09,-60.8324,-27.5361,40.5495,-2.17977,3.022,6.09742e+10,16.4004,False,False,nan,nan,nan,0,False,nan,42.0096
HH_temperature,15,HH_phi2.6_gNa120,1e+09,200,quiescent,4,-64.9987,0.0481999,4.44225,3.09,-60.5575,-29.4402,43.3403,-2.8245,3.022,6.09742e+10,16.4004,False,False,nan,nan,nan,0,False,nan,42.2899
HH_temperature,15,HH_phi2.6_gNa120,1e+09,300,quiescent,4,-64.9985,0.0541782,4.69863,3.09,-60.3012,-31.1647,46.5747,-3.99947,3.022,6.09742e+10,16.4004,False,False,nan,nan,nan,0,False,nan,42.7191
HH_temperature,15,HH_phi2.6_gNa120,1e+10,1,quiescent,4,-64.9997,0.769565,0.770406,6,-64.2293,-0.206848,0.268049,-1.02111,3.022,6.09742e+10,16.4004,False,False,nan,nan,nan,0,True,39.5833,39.9537
HH_temperature,15,HH_phi2.6_gNa120,1e+10,10,quiescent,4,-64.9997,6.6569,6.67695,7,-58.3227,-2.03576,2.62376,-8.81723,3.022,6.09742e+10,16.4004,False,False,nan,nan,nan,0,True,35.1789,40.0669
HH_temperature,15,HH_phi2.6_gNa120,1e+10,15,quiescent,4,-64.9997,9.28519,9.34004,7,-55.6596,-3.01884,3.87737,-12.3069,3.022,6.09742e+10,16.4004,False,False,nan,nan,nan,0,True,33.0827,40.1226
HH_temperature,15,HH_phi2.6_gNa120,1e+10,20,quiescent,4,-64.9996,11.5741,11.6726,7,-53.327,-3.97444,5.08593,-15.3377,3.022,6.09742e+10,16.4004,False,False,nan,nan,nan,0,True,31.177,40.1739
HH_temperature,15,HH_phi2.6_gNa120,1e+10,25,quiescent,4,-64.9996,13.5856,13.7418,7,-51.2578,-4.90171,6.25309,-18.0047,3.022,6.09742e+10,16.4004,False,False,nan,nan,nan,0,True,29.4334,40.2235
HH_temperature,15,HH_phi2.6_gNa120,1e+10,30,quiescent,4,-64.9996,15.3676,15.5947,7,-49.4049,-5.79971,7.37612,-20.3815,3.022,6.09742e+10,16.4004,False,False,nan,nan,nan,0,True,27.8136,40.2708
HH_temperature,15,HH_phi2.6_gNa120,1e+10,40,quiescent,4,-64.9996,18.4055,18.7957,7,-46.2039,-7.50765,9.48666,-24.429,3.022,6.09742e+10,16.4004,False,False,nan,nan,nan,0,True,24.8567,40.3559
HH_temperature,15,HH_phi2.6_gNa120,1e+10,50,quiescent,4,-64.9995,20.9192,21.5121,7,-43.4874,-9.10073,11.4372,-27.8061,3.022,6.09742e+10,16.4004,False,False,nan,nan,nan,0,True,22.1419,40.4303
HH_temperature,15,HH_phi2.6_gNa120,1e+10,75,quiescent,4,-64.9995,25.8244,27.2693,7,-37.7301,-12.6516,15.6882,-34.4489,3.022,6.09742e+10,16.4004,False,False,nan,nan,nan,0,True,15.0856,40.5822
HH_temperature,15,HH_phi2.6_gNa120,1e+10,100,quiescent,4,-64.9994,29.7466,29.7466,5,-35.2528,-15.6791,19.2256,-37.8246,3.022,6.09742e+10,16.4004,False,False,nan,nan,nan,0,False,nan,40.6999
HH_temperature,15,HH_phi2.6_gNa120,1e+10,150,quiescent,4,-64.9993,0.0122379,32.3047,4,-32.6945,-20.5739,24.7452,-41.1486,3.022,6.09742e+10,16.4004,False,False,nan,nan,nan,0,False,nan,40.8742
HH_temperature,15,HH_phi2.6_gNa120,1e+10,200,quiescent,4,-64.9992,0.0119732,27.518,3,-37.4812,-24.3414,28.8476,-35.8707,3.022,6.09742e+10,16.4004,False,False,nan,nan,nan,0,False,nan,41.0008
HH_temperature,15,HH_phi2.6_gNa120,1e+10,300,quiescent,4,-64.999,0.0145594,33.3517,3,-31.6473,-29.6627,34.4752,-42.5308,3.022,6.09742e+10,16.4004,False,False,nan,nan,nan,0,False,nan,41.1953
HH_temperature,20,HH_phi4.5_gNa120,1e+09,1,quiescent,4,-64.9997,1.55661,1.55922,6,-63.4405,-0.45854,0.903706,-3.09624,3.022,6.09742e+10,16.4004,False,False,nan,nan,nan,0,True,38.374,39.9899
HH_temperature,20,HH_phi4.5_gNa120,1e+09,10,quiescent,4,-64.9996,10.7729,10.9298,6,-54.0699,-4.31588,8.20072,-21.0286,3.022,6.09742e+10,16.4004,False,False,nan,nan,nan,0,True,26.9267,40.3539
HH_temperature,20,HH_phi4.5_gNa120,1e+09,15,quiescent,4,-64.9996,13.8976,14.2328,6,-50.7668,-6.21072,11.5675,-26.9509,3.022,6.09742e+10,16.4004,False,False,nan,nan,nan,0,True,22.3017,40.5086
HH_temperature,20,HH_phi4.5_gNa120,1e+09,20,quiescent,4,-64.9995,16.3651,16.9821,7,-48.0174,-7.94265,14.5099,-31.5976,3.022,6.09742e+10,16.4004,False,False,nan,nan,nan,0,True,17.9165,40.6381
HH_temperature,20,HH_phi4.5_gNa120,1e+09,25,quiescent,4,-64.9995,18.4493,19.3516,6,-45.6479,-9.53073,17.0951,-35.0587,3.022,6.09742e+10,16.4004,False,False,nan,nan,nan,0,False,nan,40.7493
HH_temperature,20,HH_phi4.5_gNa120,1e+09,30,quiescent,4,-64.9994,20.332,20.332,5,-44.6675,-10.993,19.3816,-37.0256,3.022,6.09742e+10,16.4004,False,False,nan,nan,nan,0,False,nan,40.8465
HH_temperature,20,HH_phi4.5_gNa120,1e+09,40,quiescent,4,-64.9994,0.0277496,21.0919,4,-43.9075,-13.6012,23.2378,-38.6452,3.022,6.09742e+10,16.4004,False,False,nan,nan,nan,0,False,nan,41.0116
HH_temperature,20,HH_phi4.5_gNa120,1e+09,50,quiescent,4,-64.9993,0.0325447,23.5539,4,-41.4454,-15.8676,26.3653,-42.6238,3.022,6.09742e+10,16.4004,False,False,nan,nan,nan,0,False,nan,41.1581
HH_temperature,20,HH_phi4.5_gNa120,1e+09,75,quiescent,4,-64.9991,0.0368615,20.7311,3,-44.2681,-20.4228,32.0514,-38.1738,3.022,6.09742e+10,16.4004,False,False,nan,nan,nan,0,False,nan,41.4431
HH_temperature,20,HH_phi4.5_gNa120,1e+09,100,quiescent,4,-64.999,0.0413002,27.042,3,-37.9572,-23.7339,35.8497,-49.0424,3.022,6.09742e+10,16.4004,False,False,nan,nan,nan,0,False,nan,41.6615
HH_temperature,20,HH_phi4.5_gNa120,1e+09,150,quiescent,4,-64.9988,0.0433099,4.17901,3.09,-60.8208,-27.5363,40.5495,-2.17971,3.022,6.09742e+10,16.4004,False,False,nan,nan,nan,0,False,nan,42.0096
HH_temperature,20,HH_phi4.5_gNa120,1e+09,200,quiescent,4,-64.9987,0.0477802,4.45591,3.09,-60.5439,-29.4398,43.3403,-2.82444,3.022,6.09742e+10,16.4004,False,False,nan,nan,nan,0,False,nan,42.2899
HH_temperature,20,HH_phi4.5_gNa120,1e+09,300,quiescent,4,-64.9985,0.052928,4.71471,3.09,-60.2851,-31.1633,46.5747,-3.99938,3.022,6.09742e+10,16.4004,False,False,nan,nan,nan,0,False,nan,42.7191
HH_temperature,20,HH_phi4.5_gNa120,1e+10,1,quiescent,4,-64.9997,0.769566,0.770406,6,-64.2293,-0.206872,0.268049,-1.02111,3.022,6.09742e+10,16.4004,False,False,nan,nan,nan,0,True,39.5833,39.9537
HH_temperature,20,HH_phi4.5_gNa120,1e+10,10,quiescent,4,-64.9997,6.65693,6.67698,7,-58.3227,-2.03599,2.62377,-8.81724,3.022,6.09742e+10,16.4004,False,False,nan,nan,nan,0,True,35.1789,40.0669
HH_temperature,20,HH_phi4.5_gNa120,1e+10,15,quiescent,4,-64.9997,9.2853,9.34014,7,-55.6595,-3.01916,3.87738,-12.3069,3.022,6.09742e+10,16.4004,False,False,nan,nan,nan,0,True,33.0826,40.1226
HH_temperature,20,HH_phi4.5_gNa120,1e+10,20,quiescent,4,-64.9996,11.5743,11.6729,7,-53.3268,-3.97483,5.08594,-15.3377,3.022,6.09742e+10,16.4004,False,False,nan,nan,nan,0,True,31.177,40.1739
HH_temperature,20,HH_phi4.5_gNa120,1e+10,25,quiescent,4,-64.9996,13.5859,13.7422,7,-51.2575,-4.90218,6.2531,-18.0047,3.022,6.09742e+10,16.4004,False,False,nan,nan,nan,0,True,29.4334,40.2235
HH_temperature,20,HH_phi4.5_gNa120,1e+10,30,quiescent,4,-64.9996,15.3681,15.5953,7,-49.4043,-5.80025,7.37613,-20.3815,3.022,6.09742e+10,16.4004,False,False,nan,nan,nan,0,True,27.8136,40.2708
HH_temperature,20,HH_phi4.5_gNa120,1e+10,40,quiescent,4,-64.9996,18.4064,18.7968,7,-46.2028,-7.50832,9.48667,-24.4291,3.022,6.09742e+10,16.4004,False,False,nan,nan,nan,0,True,24.8567,40.3559
HH_temperature,20,HH_phi4.5_gNa120,1e+10,50,quiescent,4,-64.9995,20.9208,21.5142,7,-43.4853,-9.10149,11.4372,-27.8061,3.022,6.09742e+10,16.4004,False,False,nan,nan,nan,0,True,22.1418,40.4303
HH_temperature,20,HH_phi4.5_gNa120,1e+10,75,quiescent,4,-64.9995,25.8289,27.278,7,-37.7215,-12.6525,15.6882,-34.4492,3.022,6.09742e+10,16.4004,False,False,nan,nan,nan,0,True,15.0853,40.5822
HH_temperature,20,HH_phi4.5_gNa120,1e+10,100,quiescent,4,-64.9994,29.7555,29.7555,5,-35.2439,-15.68,19.2256,-37.8249,3.022,6.09742e+10,16.4004,False,False,nan,nan,nan,0,False,nan,40.6999
HH_temperature,20,HH_phi4.5_gNa120,1e+10,150,quiescent,4,-64.9993,0.0136105,32.3194,4,-32.6799,-20.5746,24.7452,-41.1488,3.022,6.09742e+10,16.4004,False,False,nan,nan,nan,0,False,nan,40.8742
HH_temperature,20,HH_phi4.5_gNa120,1e+10,200,quiescent,4,-64.9992,0.0122018,27.5289,3,-37.4703,-24.3418,28.8476,-35.8707,3.022,6.09742e+10,16.4004,False,False,nan,nan,nan,0,False,nan,41.0008
HH_temperature,20,HH_phi4.5_gNa120,1e+10,300,quiescent,4,-64.999,0.0145692,33.3898,3,-31.6093,-29.6622,34.4752,-42.5309,3.022,6.09742e+10,16.4004,False,False,nan,nan,nan,0,False,nan,41.1953
HH_temperature,25,HH_phi7.8_gNa120,1e+09,1,quiescent,4,-64.9997,1.55674,1.55938,6,-63.4403,-0.458661,0.903711,-3.09624,3.022,6.09742e+10,16.4004,False,False,nan,nan,nan,0,True,38.374,39.9899
HH_temperature,25,HH_phi7.8_gNa120,1e+09,10,quiescent,4,-64.9996,10.777,10.9346,6,-54.065,-4.31685,8.20076,-21.0287,3.022,6.09742e+10,16.4004,False,False,nan,nan,nan,0,True,26.9266,40.3539
HH_temperature,25,HH_phi7.8_gNa120,1e+09,15,quiescent,4,-64.9996,13.9071,14.2445,6,-50.755,-6.21199,11.5676,-26.9512,3.022,6.09742e+10,16.4004,False,False,nan,nan,nan,0,True,22.3015,40.5086
HH_temperature,25,HH_phi7.8_gNa120,1e+09,20,quiescent,4,-64.9995,16.3827,16.9998,7,-47.9997,-7.94414,14.51,-31.5983,3.022,6.09742e+10,16.4004,False,False,nan,nan,nan,0,True,17.9161,40.6381
HH_temperature,25,HH_phi7.8_gNa120,1e+09,25,quiescent,4,-64.9995,18.4796,19.3905,6,-45.609,-9.53237,17.0951,-35.0595,3.022,6.09742e+10,16.4004,False,False,nan,nan,nan,0,False,nan,40.7493
HH_temperature,25,HH_phi7.8_gNa120,1e+09,30,quiescent,4,-64.9994,20.3784,20.3784,5,-44.621,-10.9947,19.3816,-37.0264,3.022,6.09742e+10,16.4004,False,False,nan,nan,nan,0,False,nan,40.8465
HH_temperature,25,HH_phi7.8_gNa120,1e+09,40,quiescent,4,-64.9994,0.0221573,21.1524,4,-43.8469,-13.603,23.2379,-38.6455,3.022,6.09742e+10,16.4004,False,False,nan,nan,nan,0,False,nan,41.0116
HH_temperature,25,HH_phi7.8_gNa120,1e+09,50,quiescent,4,-64.9993,0.0264664,23.6537,4,-41.3456,-15.8693,26.3654,-42.6245,3.022,6.09742e+10,16.4004,False,False,nan,nan,nan,0,False,nan,41.1581
HH_temperature,25,HH_phi7.8_gNa120,1e+09,75,quiescent,4,-64.9991,0.0297635,20.8639,3,-44.1353,-20.4239,32.0515,-38.1739,3.022,6.09742e+10,16.4004,False,False,nan,nan,nan,0,False,nan,41.4431
HH_temperature,25,HH_phi7.8_gNa120,1e+09,100,quiescent,4,-64.999,0.0328873,27.311,3,-37.6882,-23.7343,35.8498,-49.0437,3.022,6.09742e+10,16.4004,False,False,nan,nan,nan,0,False,nan,41.6615
HH_temperature,25,HH_phi7.8_gNa120,1e+09,150,quiescent,4,-64.9988,0.0342649,4.19281,3.09,-60.807,-27.5359,40.5495,-2.17969,3.022,6.09742e+10,16.4004,False,False,nan,nan,nan,0,False,nan,42.0096
HH_temperature,25,HH_phi7.8_gNa120,1e+09,200,quiescent,4,-64.9987,0.0372417,4.47181,3.09,-60.528,-29.4391,43.3403,-2.82443,3.022,6.09742e+10,16.4004,False,False,nan,nan,nan,0,False,nan,42.2899
HH_temperature,25,HH_phi7.8_gNa120,1e+09,300,quiescent,4,-64.9985,0.0404817,4.73319,3.09,-60.2666,-31.1622,46.5747,-3.99938,3.022,6.09742e+10,16.4004,False,False,nan,nan,nan,0,False,nan,42.7191
HH_temperature,25,HH_phi7.8_gNa120,1e+10,1,quiescent,4,-64.9997,0.769595,0.770434,6,-64.2293,-0.2069,0.26805,-1.02111,3.022,6.09742e+10,16.4004,False,False,nan,nan,nan,0,True,39.5833,39.9537
HH_temperature,25,HH_phi7.8_gNa120,1e+10,10,quiescent,4,-64.9997,6.65735,6.67738,7,-58.3223,-2.03623,2.62377,-8.81725,3.022,6.09742e+10,16.4004,False,False,nan,nan,nan,0,True,35.1789,40.0669
HH_temperature,25,HH_phi7.8_gNa120,1e+10,15,quiescent,4,-64.9997,9.28611,9.34095,7,-55.6587,-3.0195,3.87738,-12.3069,3.022,6.09742e+10,16.4004,False,False,nan,nan,nan,0,True,33.0826,40.1226
HH_temperature,25,HH_phi7.8_gNa120,1e+10,20,quiescent,4,-64.9996,11.5754,11.6742,7,-53.3255,-3.97524,5.08595,-15.3378,3.022,6.09742e+10,16.4004,False,False,nan,nan,nan,0,True,31.177,40.1739
HH_temperature,25,HH_phi7.8_gNa120,1e+10,25,quiescent,4,-64.9996,13.5876,13.7441,7,-51.2556,-4.90265,6.25311,-18.0048,3.022,6.09742e+10,16.4004,False,False,nan,nan,nan,0,True,29.4333,40.2235
HH_temperature,25,HH_phi7.8_gNa120,1e+10,30,quiescent,4,-64.9996,15.3706,15.5977,7,-49.4019,-5.80077,7.37614,-20.3816,3.022,6.09742e+10,16.4004,False,False,nan,nan,nan,0,True,27.8136,40.2708
HH_temperature,25,HH_phi7.8_gNa120,1e+10,40,quiescent,4,-64.9996,18.4102,18.8011,7,-46.1985,-7.50891,9.48668,-24.4292,3.022,6.09742e+10,16.4004,False,False,nan,nan,nan,0,True,24.8566,40.3559
HH_temperature,25,HH_phi7.8_gNa120,1e+10,50,quiescent,4,-64.9995,20.9267,21.5214,7,-43.4781,-9.10213,11.4372,-27.8063,3.022,6.09742e+10,16.4004,False,False,nan,nan,nan,0,True,22.1417,40.4303
HH_temperature,25,HH_phi7.8_gNa120,1e+10,75,quiescent,4,-64.9995,25.844,27.3031,7,-37.6963,-12.6532,15.6882,-34.4498,3.022,6.09742e+10,16.4004,False,False,nan,nan,nan,0,True,15.0847,40.5822
HH_temperature,25,HH_phi7.8_gNa120,1e+10,100,quiescent,4,-64.9994,29.7864,29.7864,5,-35.213,-15.6805,19.2256,-37.8254,3.022,6.09742e+10,16.4004,False,False,nan,nan,nan,0,False,nan,40.6999
HH_temperature,25,HH_phi7.8_gNa120,1e+10,150,quiescent,4,-64.9993,0.0121378,32.3656,4,-32.6337,-20.5748,24.7452,-41.1492,3.022,6.09742e+10,16.4004,False,False,nan,nan,nan,0,False,nan,40.8742
HH_temperature,25,HH_phi7.8_gNa120,1e+10,200,quiescent,4,-64.9992,0.00985309,27.5644,3,-37.4349,-24.3415,28.8477,-35.8707,3.022,6.09742e+10,16.4004,False,False,nan,nan,nan,0,False,nan,41.0008
HH_temperature,25,HH_phi7.8_gNa120,1e+10,300,quiescent,4,-64.999,0.0115149,33.5164,3,-31.4827,-29.661,34.4752,-42.531,3.022,6.09742e+10,16.4004,False,False,nan,nan,nan,0,False,nan,41.1953
HH_speed,2,HH_phi2_gNa240,1e+09,1,quiescent,4,-64.9997,1.55281,1.55544,6,-63.4443,-0.456545,0.90363,-3.09614,3.022,6.09742e+10,16.4004,False,False,nan,nan,nan,0,True,38.3741,39.9899
HH_speed,2,HH_phi2_gNa240,1e+09,10,quiescent,4,-64.9996,10.7432,10.8982,6,-54.1014,-4.29626,8.20013,-21.028,3.022,6.09742e+10,16.4004,False,False,nan,nan,nan,0,True,26.9278,40.3539
HH_speed,2,HH_phi2_gNa240,1e+09,15,quiescent,4,-64.9996,13.8565,14.1895,6,-50.8101,-6.18166,11.5667,-26.9503,3.022,6.09742e+10,16.4004,False,False,nan,nan,nan,0,True,22.3032,40.5086
HH_speed,2,HH_phi2_gNa240,1e+09,20,quiescent,4,-64.9995,16.314,16.9395,7,-48.0601,-7.90425,14.509,-31.5956,3.022,6.09742e+10,16.4004,False,False,nan,nan,nan,0,True,17.9191,40.6381
HH_speed,2,HH_phi2_gNa240,1e+09,25,quiescent,4,-64.9995,18.3901,19.2859,6,-45.7136,-9.48305,17.094,-35.0577,3.022,6.09742e+10,16.4004,False,False,nan,nan,nan,0,False,nan,40.7492
HH_speed,2,HH_phi2_gNa240,1e+09,30,quiescent,4,-64.9994,20.2649,20.2649,5,-44.7346,-10.936,19.3804,-37.0249,3.022,6.09742e+10,16.4004,False,False,nan,nan,nan,0,False,nan,40.8465
HH_speed,2,HH_phi2_gNa240,1e+09,40,quiescent,4,-64.9994,0.0464613,21.0201,4,-43.9793,-13.5259,23.2366,-38.6447,3.022,6.09742e+10,16.4004,False,False,nan,nan,nan,0,False,nan,41.0115
HH_speed,2,HH_phi2_gNa240,1e+09,50,quiescent,4,-64.9993,0.0531878,23.4754,4,-41.5239,-15.774,26.364,-42.6224,3.022,6.09742e+10,16.4004,False,False,nan,nan,nan,0,False,nan,41.1581
HH_speed,2,HH_phi2_gNa240,1e+09,75,quiescent,4,-64.9992,0.0558509,20.6475,3,-44.3517,-20.2824,32.05,-38.1731,3.022,6.09742e+10,16.4004,False,False,nan,nan,nan,0,False,nan,41.4431
HH_speed,2,HH_phi2_gNa240,1e+09,100,quiescent,4,-64.9991,0.0633069,26.9572,3,-38.0419,-23.5479,35.8484,-49.0142,3.022,6.09742e+10,16.4004,False,False,nan,nan,nan,0,False,nan,41.6615
HH_speed,2,HH_phi2_gNa240,1e+09,150,quiescent,4,-64.9989,0.0664778,4.12332,3.09,-60.8765,-27.2968,40.5484,-2.18034,3.022,6.09742e+10,16.4004,False,False,nan,nan,nan,0,False,nan,42.0096
HH_speed,2,HH_phi2_gNa240,1e+09,200,quiescent,4,-64.9988,0.0741717,4.39617,3.09,-60.6036,-29.1778,43.3394,-2.82519,3.022,6.09742e+10,16.4004,False,False,nan,nan,nan,0,False,nan,42.2898
HH_speed,2,HH_phi2_gNa240,1e+09,300,quiescent,4,-64.9986,0.0834133,4.65107,3.09,-60.3487,-30.881,46.5741,-4.0004,3.022,6.09742e+10,16.4004,False,False,nan,nan,nan,0,False,nan,42.7191
HH_speed,2,HH_phi2_gNa240,1e+10,1,quiescent,4,-64.9997,0.768579,0.769437,6,-64.2303,-0.206421,0.268041,-1.02109,3.022,6.09742e+10,16.4004,False,False,nan,nan,nan,0,True,39.5833,39.9537
HH_speed,2,HH_phi2_gNa240,1e+10,10,quiescent,4,-64.9997,6.64853,6.66873,7,-58.331,-2.0315,2.62368,-8.81703,3.022,6.09742e+10,16.4004,False,False,nan,nan,nan,0,True,35.179,40.0669
HH_speed,2,HH_phi2_gNa240,1e+10,15,quiescent,4,-64.9997,9.27329,9.3283,7,-55.6714,-3.01247,3.87725,-12.3066,3.022,6.09742e+10,16.4004,False,False,nan,nan,nan,0,True,33.0829,40.1226
HH_speed,2,HH_phi2_gNa240,1e+10,20,quiescent,4,-64.9996,11.5599,11.6579,7,-53.3418,-3.9662,5.08578,-15.3374,3.022,6.09742e+10,16.4004,False,False,nan,nan,nan,0,True,31.1773,40.1739
HH_speed,2,HH_phi2_gNa240,1e+10,25,quiescent,4,-64.9996,13.5686,13.7246,7,-51.2751,-4.89145,6.25292,-18.0043,3.022,6.09742e+10,16.4004,False,False,nan,nan,nan,0,True,29.4337,40.2235
HH_speed,2,HH_phi2_gNa240,1e+10,30,quiescent,4,-64.9996,15.3482,15.5758,7,-49.4238,-5.78743,7.37591,-20.3811,3.022,6.09742e+10,16.4004,False,False,nan,nan,nan,0,True,27.814,40.2708
HH_speed,2,HH_phi2_gNa240,1e+10,40,quiescent,4,-64.9996,18.3832,18.7733,7,-46.2263,-7.49138,9.4864,-24.4285,3.022,6.09742e+10,16.4004,False,False,nan,nan,nan,0,True,24.8571,40.3559
HH_speed,2,HH_phi2_gNa240,1e+10,50,quiescent,4,-64.9995,20.894,21.4864,7,-43.5132,-9.08049,11.4369,-27.8057,3.022,6.09742e+10,16.4004,False,False,nan,nan,nan,0,True,22.1423,40.4303
HH_speed,2,HH_phi2_gNa240,1e+10,75,quiescent,4,-64.9995,25.7933,27.2351,7,-37.7643,-12.6223,15.6878,-34.4482,3.022,6.09742e+10,16.4004,False,False,nan,nan,nan,0,True,15.0866,40.5822
HH_speed,2,HH_phi2_gNa240,1e+10,100,quiescent,4,-64.9994,29.7144,29.7144,5,-35.285,-15.6413,19.2252,-37.8243,3.022,6.09742e+10,16.4004,False,False,nan,nan,nan,0,False,nan,40.6999
HH_speed,2,HH_phi2_gNa240,1e+10,150,quiescent,4,-64.9993,0.0197046,32.2756,4,-32.7237,-20.5201,24.7447,-41.1481,3.022,6.09742e+10,16.4004,False,False,nan,nan,nan,0,False,nan,40.8741
HH_speed,2,HH_phi2_gNa240,1e+10,200,quiescent,4,-64.9992,0.0189378,27.5051,3,-37.4942,-24.273,28.8471,-35.8705,3.022,6.09742e+10,16.4004,False,False,nan,nan,nan,0,False,nan,41.0008
HH_speed,2,HH_phi2_gNa240,1e+10,300,quiescent,4,-64.999,0.0229399,33.3479,3,-31.6513,-29.5694,34.4747,-42.5294,3.022,6.09742e+10,16.4004,False,False,nan,nan,nan,0,False,nan,41.1953
HH_speed,3,HH_phi3_gNa360,1e+09,1,quiescent,4,-64.9997,1.54917,1.55182,6,-63.4479,-0.454982,0.903569,-3.09604,3.022,6.09742e+10,16.4004,False,False,nan,nan,nan,0,True,38.3742,39.9899
HH_speed,3,HH_phi3_gNa360,1e+09,10,quiescent,4,-64.9996,10.7155,10.8693,6,-54.1303,-4.28057,8.19966,-21.0275,3.022,6.09742e+10,16.4004,False,False,nan,nan,nan,0,True,26.9286,40.3539
HH_speed,3,HH_phi3_gNa360,1e+09,15,quiescent,4,-64.9996,13.8205,14.1534,6,-50.8461,-6.1582,11.5661,-26.9499,3.022,6.09742e+10,16.4004,False,False,nan,nan,nan,0,True,22.3043,40.5086
HH_speed,3,HH_phi3_gNa360,1e+09,20,quiescent,4,-64.9995,16.2734,16.9081,7,-48.0914,-7.87297,14.5082,-31.5948,3.022,6.09742e+10,16.4004,False,False,nan,nan,nan,0,True,17.9208,40.6381
HH_speed,3,HH_phi3_gNa360,1e+09,25,quiescent,4,-64.9995,18.3495,19.2504,6,-45.7491,-9.44387,17.0932,-35.0578,3.022,6.09742e+10,16.4004,False,False,nan,nan,nan,0,False,nan,40.7492
HH_speed,3,HH_phi3_gNa360,1e+09,30,quiescent,4,-64.9995,20.2293,20.2293,5,-44.7702,-10.8889,19.3795,-37.025,3.022,6.09742e+10,16.4004,False,False,nan,nan,nan,0,False,nan,40.8465
HH_speed,3,HH_phi3_gNa360,1e+09,40,quiescent,4,-64.9994,0.0774957,20.9876,4,-44.0118,-13.4624,23.2355,-38.6445,3.022,6.09742e+10,16.4004,False,False,nan,nan,nan,0,False,nan,41.0115
HH_speed,3,HH_phi3_gNa360,1e+09,50,quiescent,4,-64.9993,0.0882304,23.4671,4,-41.5323,-15.6937,26.3629,-42.6216,3.022,6.09742e+10,16.4004,False,False,nan,nan,nan,0,False,nan,41.158
HH_speed,3,HH_phi3_gNa360,1e+09,75,quiescent,4,-64.9992,0.0873482,20.656,3,-44.3433,-20.1589,32.0488,-38.1725,3.022,6.09742e+10,16.4004,False,False,nan,nan,nan,0,False,nan,41.4431
HH_speed,3,HH_phi3_gNa360,1e+09,100,quiescent,4,-64.9991,0.098155,27.074,3,-37.9251,-23.3783,35.8473,-48.9892,3.022,6.09742e+10,16.4004,False,False,nan,nan,nan,0,False,nan,41.6615
HH_speed,3,HH_phi3_gNa360,1e+09,150,quiescent,4,-64.9989,0.102414,4.10433,3.09,-60.8955,-27.0723,40.5474,-2.1807,3.022,6.09742e+10,16.4004,False,False,nan,nan,nan,0,False,nan,42.0096
HH_speed,3,HH_phi3_gNa360,1e+09,200,quiescent,4,-64.9988,0.113062,4.37932,3.09,-60.6205,-28.9297,43.3386,-2.82562,3.022,6.09742e+10,16.4004,False,False,nan,nan,nan,0,False,nan,42.2898
HH_speed,3,HH_phi3_gNa360,1e+09,300,quiescent,4,-64.9986,0.125289,4.63844,3.09,-60.3614,-30.6103,46.5736,-4.00098,3.022,6.09742e+10,16.4004,False,False,nan,nan,nan,0,False,nan,42.7191
HH_speed,3,HH_phi3_gNa360,1e+10,1,quiescent,4,-64.9997,0.767642,0.768515,6,-64.2312,-0.206066,0.268034,-1.02106,3.022,6.09742e+10,16.4004,False,False,nan,nan,nan,0,True,39.5833,39.9537
HH_speed,3,HH_phi3_gNa360,1e+10,10,quiescent,4,-64.9997,6.64054,6.66086,7,-58.3388,-2.02793,2.62361,-8.81684,3.022,6.09742e+10,16.4004,False,False,nan,nan,nan,0,True,35.1792,40.0669
HH_speed,3,HH_phi3_gNa360,1e+10,15,quiescent,4,-64.9997,9.26196,9.31709,7,-55.6826,-3.00713,3.87716,-12.3064,3.022,6.09742e+10,16.4004,False,False,nan,nan,nan,0,True,33.083,40.1226
HH_speed,3,HH_phi3_gNa360,1e+10,20,quiescent,4,-64.9997,11.5464,11.6438,7,-53.3558,-3.95925,5.08565,-15.3371,3.022,6.09742e+10,16.4004,False,False,nan,nan,nan,0,True,31.1774,40.1739
HH_speed,3,HH_phi3_gNa360,1e+10,25,quiescent,4,-64.9996,13.5525,13.7083,7,-51.2914,-4.88275,6.25277,-18.004,3.022,6.09742e+10,16.4004,False,False,nan,nan,nan,0,True,29.4339,40.2235
HH_speed,3,HH_phi3_gNa360,1e+10,30,quiescent,4,-64.9996,15.3299,15.5579,7,-49.4417,-5.77698,7.37574,-20.3808,3.022,6.09742e+10,16.4004,False,False,nan,nan,nan,0,True,27.8142,40.2708
HH_speed,3,HH_phi3_gNa360,1e+10,40,quiescent,4,-64.9996,18.3625,18.7526,7,-46.247,-7.47742,9.48618,-24.4282,3.022,6.09742e+10,16.4004,False,False,nan,nan,nan,0,True,24.8574,40.3559
HH_speed,3,HH_phi3_gNa360,1e+10,50,quiescent,4,-64.9996,20.8711,21.4636,7,-43.536,-9.063,11.4367,-27.8054,3.022,6.09742e+10,16.4004,False,False,nan,nan,nan,0,True,22.1427,40.4303
HH_speed,3,HH_phi3_gNa360,1e+10,75,quiescent,4,-64.9995,25.7682,27.2127,7,-37.7867,-12.5965,15.6875,-34.4482,3.022,6.09742e+10,16.4004,False,False,nan,nan,nan,0,True,15.0871,40.5821
HH_speed,3,HH_phi3_gNa360,1e+10,100,quiescent,4,-64.9994,29.6941,29.6941,5,-35.3053,-15.6081,19.2248,-37.8243,3.022,6.09742e+10,16.4004,False,False,nan,nan,nan,0,False,nan,40.6999
HH_speed,3,HH_phi3_gNa360,1e+10,150,quiescent,4,-64.9993,0.0329062,32.2656,4,-32.7337,-20.4709,24.7443,-41.1478,3.022,6.09742e+10,16.4004,False,False,nan,nan,nan,0,False,nan,40.8741
HH_speed,3,HH_phi3_gNa360,1e+10,200,quiescent,4,-64.9992,0.0303692,27.507,3,-37.4923,-24.2091,28.8467,-35.8704,3.022,6.09742e+10,16.4004,False,False,nan,nan,nan,0,False,nan,41.0008
HH_speed,3,HH_phi3_gNa360,1e+10,300,quiescent,4,-64.999,0.0360981,33.3947,3,-31.6044,-29.4799,34.4743,-42.5282,3.022,6.09742e+10,16.4004,False,False,nan,nan,nan,0,False,nan,41.1953
HH_speed,4,HH_phi4_gNa480,1e+09,1,quiescent,4,-64.9997,1.54558,1.54824,6,-63.4515,-0.453525,0.903513,-3.09594,3.022,6.09742e+10,16.4004,False,False,nan,nan,nan,0,True,38.3743,39.9899
HH_speed,4,HH_phi4_gNa480,1e+09,10,quiescent,4,-64.9996,10.6897,10.8429,6,-54.1567,-4.26579,8.19922,-21.027,3.022,6.09742e+10,16.4004,False,False,nan,nan,nan,0,True,26.9294,40.3539
HH_speed,4,HH_phi4_gNa480,1e+09,15,quiescent,4,-64.9996,13.7887,14.1222,6,-50.8774,-6.13599,11.5654,-26.9497,3.022,6.09742e+10,16.4004,False,False,nan,nan,nan,0,True,22.3052,40.5086
HH_speed,4,HH_phi4_gNa480,1e+09,20,quiescent,4,-64.9995,16.2416,16.8847,7,-48.1149,-7.84323,14.5075,-31.5945,3.022,6.09742e+10,16.4004,False,False,nan,nan,nan,0,True,17.9223,40.6381
HH_speed,4,HH_phi4_gNa480,1e+09,25,quiescent,4,-64.9995,18.3214,19.2312,6,-45.7683,-9.40645,17.0923,-35.0584,3.022,6.09742e+10,16.4004,False,False,nan,nan,nan,0,False,nan,40.7492
HH_speed,4,HH_phi4_gNa480,1e+09,30,quiescent,4,-64.9995,20.2125,20.2125,5,-44.787,-10.8436,19.3786,-37.0255,3.022,6.09742e+10,16.4004,False,False,nan,nan,nan,0,False,nan,40.8464
HH_speed,4,HH_phi4_gNa480,1e+09,40,quiescent,4,-64.9994,0.110141,20.9779,4,-44.0215,-13.401,23.2346,-38.6445,3.022,6.09742e+10,16.4004,False,False,nan,nan,nan,0,False,nan,41.0115
HH_speed,4,HH_phi4_gNa480,1e+09,50,quiescent,4,-64.9993,0.124662,23.4962,4,-41.5032,-15.6158,26.3618,-42.6213,3.022,6.09742e+10,16.4004,False,False,nan,nan,nan,0,False,nan,41.158
HH_speed,4,HH_phi4_gNa480,1e+09,75,quiescent,4,-64.9992,0.120172,20.7169,3,-44.2823,-20.0382,32.0477,-38.1719,3.022,6.09742e+10,16.4004,False,False,nan,nan,nan,0,False,nan,41.4431
HH_speed,4,HH_phi4_gNa480,1e+09,100,spike,5.132,-64.9991,103.057,103.621,3.995,38.6213,-23.2124,35.8463,-48.9644,3.022,6.09742e+10,16.4004,True,True,3,0.74124,0.90114,7.005,False,nan,41.6615
HH_speed,4,HH_phi4_gNa480,1e+09,150,quiescent,4,-64.9989,0.139082,4.09754,3.085,-60.9022,-26.8541,40.5465,-2.18103,3.022,6.09742e+10,16.4004,False,False,nan,nan,nan,0,False,nan,42.0096
HH_speed,4,HH_phi4_gNa480,1e+09,200,quiescent,4,-64.9988,0.152091,4.37554,3.09,-60.6243,-28.6888,43.3379,-2.82602,3.022,6.09742e+10,16.4004,False,False,nan,nan,nan,0,False,nan,42.2898
HH_speed,4,HH_phi4_gNa480,1e+09,300,quiescent,4,-64.9986,0.166128,4.64118,3.09,-60.3586,-30.3475,46.5731,-4.00151,3.022,6.09742e+10,16.4004,False,False,nan,nan,nan,0,False,nan,42.7191
HH_speed,4,HH_phi4_gNa480,1e+10,1,quiescent,4,-64.9997,0.766719,0.767605,6,-64.2321,-0.205734,0.268027,-1.02104,3.022,6.09742e+10,16.4004,False,False,nan,nan,nan,0,True,39.5833,39.9537
HH_speed,4,HH_phi4_gNa480,1e+10,10,quiescent,4,-64.9997,6.63273,6.65316,7,-58.3465,-2.02456,2.62355,-8.81665,3.022,6.09742e+10,16.4004,False,False,nan,nan,nan,0,True,35.1793,40.0669
HH_speed,4,HH_phi4_gNa480,1e+10,15,quiescent,4,-64.9997,9.25097,9.30623,7,-55.6934,-3.00222,3.87706,-12.3062,3.022,6.09742e+10,16.4004,False,False,nan,nan,nan,0,True,33.0832,40.1226
HH_speed,4,HH_phi4_gNa480,1e+10,20,quiescent,4,-64.9997,11.5333,11.6304,7,-53.3693,-3.95267,5.08553,-15.3368,3.022,6.09742e+10,16.4004,False,False,nan,nan,nan,0,True,31.1776,40.1739
HH_speed,4,HH_phi4_gNa480,1e+10,25,quiescent,4,-64.9996,13.5372,13.6928,7,-51.3069,-4.87449,6.25263,-18.0037,3.022,6.09742e+10,16.4004,False,False,nan,nan,nan,0,True,29.4341,40.2235
HH_speed,4,HH_phi4_gNa480,1e+10,30,quiescent,4,-64.9996,15.3126,15.5411,7,-49.4585,-5.76703,7.37557,-20.3805,3.022,6.09742e+10,16.4004,False,False,nan,nan,nan,0,True,27.8144,40.2708
HH_speed,4,HH_phi4_gNa480,1e+10,40,quiescent,4,-64.9996,18.3433,18.7338,7,-46.2658,-7.46405,9.48597,-24.4279,3.022,6.09742e+10,16.4004,False,False,nan,nan,nan,0,True,24.8576,40.3559
HH_speed,4,HH_phi4_gNa480,1e+10,50,quiescent,4,-64.9996,20.8506,21.4439,7,-43.5557,-9.04617,11.4364,-27.8053,3.022,6.09742e+10,16.4004,False,False,nan,nan,nan,0,True,22.1429,40.4303
HH_speed,4,HH_phi4_gNa480,1e+10,75,quiescent,4,-64.9995,25.7492,27.2011,7,-37.7984,-12.5714,15.6872,-34.4486,3.022,6.09742e+10,16.4004,False,False,nan,nan,nan,0,True,15.0872,40.5821
HH_speed,4,HH_phi4_gNa480,1e+10,100,quiescent,4,-64.9994,29.6846,29.6846,5,-35.3148,-15.5756,19.2244,-37.8247,3.022,6.09742e+10,16.4004,False,False,nan,nan,nan,0,False,nan,40.6999
HH_speed,4,HH_phi4_gNa480,1e+10,150,quiescent,4,-64.9993,0.0468598,32.2732,4,-32.7261,-20.4223,24.7439,-41.1478,3.022,6.09742e+10,16.4004,False,False,nan,nan,nan,0,False,nan,40.8741
HH_speed,4,HH_phi4_gNa480,1e+10,200,quiescent,4,-64.9992,0.0426801,27.521,3,-37.4783,-24.1456,28.8463,-35.8703,3.022,6.09742e+10,16.4004,False,False,nan,nan,nan,0,False,nan,41.0008
HH_speed,4,HH_phi4_gNa480,1e+10,300,quiescent,4,-64.999,0.049845,33.4855,3,-31.5136,-29.3904,34.4739,-42.527,3.022,6.09742e+10,16.4004,False,False,nan,nan,nan,0,False,nan,41.1953
HH_speed,5,HH_phi5_gNa600,1e+09,1,quiescent,4,-64.9997,1.5421,1.54478,6,-63.4549,-0.452151,0.903459,-3.09583,3.022,6.09742e+10,16.4004,False,False,nan,nan,nan,0,True,38.3744,39.9899
HH_speed,5,HH_phi5_gNa600,1e+09,10,quiescent,4,-64.9996,10.6665,10.8202,6,-54.1795,-4.25169,8.19879,-21.0266,3.022,6.09742e+10,16.4004,False,False,nan,nan,nan,0,True,26.9301,40.3539
HH_speed,5,HH_phi5_gNa600,1e+09,15,quiescent,4,-64.9996,13.7632,14.0977,6,-50.9019,-6.11469,11.5649,-26.9496,3.022,6.09742e+10,16.4004,False,False,nan,nan,nan,0,True,22.3061,40.5085
HH_speed,5,HH_phi5_gNa600,1e+09,20,quiescent,4,-64.9995,16.2194,16.8715,7,-48.128,-7.81457,14.5068,-31.5947,3.022,6.09742e+10,16.4004,False,False,nan,nan,nan,0,True,17.9235,40.6381
HH_speed,5,HH_phi5_gNa600,1e+09,25,quiescent,4,-64.9995,18.3102,19.2331,6,-45.7664,-9.37026,17.0915,-35.0595,3.022,6.09742e+10,16.4004,False,False,nan,nan,nan,0,False,nan,40.7492
HH_speed,5,HH_phi5_gNa600,1e+09,30,quiescent,4,-64.9995,20.2207,20.2207,5,-44.7788,-10.7997,19.3777,-37.0265,3.022,6.09742e+10,16.4004,False,False,nan,nan,nan,0,False,nan,40.8464
HH_speed,5,HH_phi5_gNa600,1e+09,40,quiescent,4,-64.9994,0.143021,21.0017,4,-43.9977,-13.3412,23.2336,-38.6447,3.022,6.09742e+10,16.4004,False,False,nan,nan,nan,0,False,nan,41.0115
HH_speed,5,HH_phi5_gNa600,1e+09,50,spike,4.153,-64.9993,103.4,103.423,4.995,38.424,-15.5398,26.3607,-42.6214,3.022,6.09742e+10,16.4004,True,True,4,0.731414,1.00599,7.005,False,nan,41.158
HH_speed,5,HH_phi5_gNa600,1e+09,75,quiescent,4,-64.9992,0.153307,20.8652,3,-44.1341,-19.9195,32.0466,-38.1714,3.022,6.09742e+10,16.4004,False,False,nan,nan,nan,0,False,nan,41.443
HH_speed,5,HH_phi5_gNa600,1e+09,100,spike,4.483,-64.9991,103.071,103.816,3.995,38.8166,-23.0515,35.8452,-48.945,3.022,6.09742e+10,16.4004,True,True,3,0.513771,1.00611,7.005,False,nan,41.6615
HH_speed,5,HH_phi5_gNa600,1e+09,150,quiescent,4,-64.999,0.174984,4.09877,3.085,-60.901,-26.6425,40.5457,-2.18134,3.022,6.09742e+10,16.4004,False,False,nan,nan,nan,0,False,nan,42.0096
HH_speed,5,HH_phi5_gNa600,1e+09,200,quiescent,4,-64.9988,0.189548,4.38196,3.09,-60.6178,-28.4552,43.3372,-2.82641,3.022,6.09742e+10,16.4004,False,False,nan,nan,nan,0,False,nan,42.2898
HH_speed,5,HH_phi5_gNa600,1e+09,300,quiescent,4,-64.9987,0.204261,4.65598,3.09,-60.3438,-30.0929,46.5726,-4.00204,3.022,6.09742e+10,16.4004,False,False,nan,nan,nan,0,False,nan,42.7191
HH_speed,5,HH_phi5_gNa600,1e+10,1,quiescent,4,-64.9997,0.76582,0.766718,6,-64.233,-0.205421,0.268021,-1.02101,3.022,6.09742e+10,16.4004,False,False,nan,nan,nan,0,True,39.5833,39.9537
HH_speed,5,HH_phi5_gNa600,1e+10,10,quiescent,4,-64.9997,6.62521,6.64575,7,-58.3539,-2.02143,2.62349,-8.81647,3.022,6.09742e+10,16.4004,False,False,nan,nan,nan,0,True,35.1794,40.0669
HH_speed,5,HH_phi5_gNa600,1e+10,15,quiescent,4,-64.9997,9.24074,9.29591,7,-55.7038,-2.99751,3.87697,-12.306,3.022,6.09742e+10,16.4004,False,False,nan,nan,nan,0,True,33.0833,40.1226
HH_speed,5,HH_phi5_gNa600,1e+10,20,quiescent,4,-64.9997,11.5209,11.6177,7,-53.3819,-3.94635,5.08542,-15.3366,3.022,6.09742e+10,16.4004,False,False,nan,nan,nan,0,True,31.1778,40.1739
HH_speed,5,HH_phi5_gNa600,1e+10,25,quiescent,4,-64.9996,13.5229,13.6785,7,-51.3211,-4.86654,6.25249,-18.0034,3.022,6.09742e+10,16.4004,False,False,nan,nan,nan,0,True,29.4343,40.2235
HH_speed,5,HH_phi5_gNa600,1e+10,30,quiescent,4,-64.9996,15.2968,15.5259,7,-49.4738,-5.75743,7.37541,-20.3803,3.022,6.09742e+10,16.4004,False,False,nan,nan,nan,0,True,27.8146,40.2708
HH_speed,5,HH_phi5_gNa600,1e+10,40,quiescent,4,-64.9996,18.3264,18.7175,7,-46.2821,-7.45108,9.48577,-24.4277,3.022,6.09742e+10,16.4004,False,False,nan,nan,nan,0,True,24.8578,40.3559
HH_speed,5,HH_phi5_gNa600,1e+10,50,quiescent,4,-64.9996,20.8336,21.4284,7,-43.5712,-9.02976,11.4362,-27.8052,3.022,6.09742e+10,16.4004,False,False,nan,nan,nan,0,True,22.1431,40.4303
HH_speed,5,HH_phi5_gNa600,1e+10,75,quiescent,4,-64.9995,25.7387,27.2037,7,-37.7958,-12.5468,15.6869,-34.4495,3.022,6.09742e+10,16.4004,False,False,nan,nan,nan,0,True,15.0869,40.5821
HH_speed,5,HH_phi5_gNa600,1e+10,100,quiescent,4,-64.9994,29.6903,29.6903,5,-35.3091,-15.5435,19.2241,-37.8255,3.022,6.09742e+10,16.4004,False,False,nan,nan,nan,0,False,nan,40.6998
HH_speed,5,HH_phi5_gNa600,1e+10,150,quiescent,4,-64.9993,0.0607189,32.3058,4,-32.6935,-20.374,24.7435,-41.148,3.022,6.09742e+10,16.4004,False,False,nan,nan,nan,0,False,nan,40.8741
HH_speed,5,HH_phi5_gNa600,1e+10,200,quiescent,4,-64.9992,0.0550235,27.5516,3,-37.4476,-24.0824,28.8458,-35.8703,3.022,6.09742e+10,16.4004,False,False,nan,nan,nan,0,False,nan,41.0008
HH_speed,5,HH_phi5_gNa600,1e+10,300,spike,4.447,-64.999,103.113,103.569,4,38.5703,-29.3011,34.4735,-42.5259,3.022,6.09742e+10,16.4004,True,True,3.005,0.518325,1.01194,7.005,False,nan,41.1953
HH_speed,7,HH_phi7_gNa840,1e+09,1,quiescent,4,-64.9997,1.53557,1.53828,6,-63.4614,-0.449583,0.903359,-3.09563,3.022,6.09742e+10,16.4004,False,False,nan,nan,nan,0,True,38.3746,39.9899
HH_speed,7,HH_phi7_gNa840,1e+09,10,quiescent,4,-64.9996,10.6304,10.7852,6,-54.2144,-4.22489,8.19798,-21.026,3.022,6.09742e+10,16.4004,False,False,nan,nan,nan,0,True,26.9313,40.3539
HH_speed,7,HH_phi7_gNa840,1e+09,15,quiescent,4,-64.9996,13.7333,14.073,6,-50.9266,-6.07394,11.5637,-26.95,3.022,6.09742e+10,16.4004,False,False,nan,nan,nan,0,True,22.3075,40.5085
HH_speed,7,HH_phi7_gNa840,1e+09,20,quiescent,4,-64.9996,16.2146,16.8829,7,-48.1167,-7.75944,14.5054,-31.5966,3.022,6.09742e+10,16.4004,False,False,nan,nan,nan,0,True,17.925,40.638
HH_speed,7,HH_phi7_gNa840,1e+09,25,spike,3.671,-64.9995,102.037,103.202,6.995,38.2027,-10.9463,17.09,-35.0638,3.022,6.09742e+10,16.4004,True,True,6,0.775972,1.18677,7.005,False,nan,40.7492
HH_speed,7,HH_phi7_gNa840,1e+09,30,spike,3.473,-64.9995,99.7994,103.358,5.995,38.3587,-10.9458,19.376,-37.0302,3.022,6.09742e+10,16.4004,True,True,5,0.552763,1.19818,7.005,False,nan,40.8464
HH_speed,7,HH_phi7_gNa840,1e+09,40,spike,3.381,-64.9994,103.51,103.532,4.995,38.5323,-13.2246,23.2318,-38.6458,3.022,6.09742e+10,16.4004,True,True,4,0.452953,1.18706,7.005,False,nan,41.0114
HH_speed,7,HH_phi7_gNa840,1e+09,50,spike,3.379,-64.9994,103.62,103.648,4.995,38.6485,-15.394,26.3587,-42.6232,3.022,6.09742e+10,16.4004,True,True,4,0.432944,1.18715,7.005,False,nan,41.158
HH_speed,7,HH_phi7_gNa840,1e+09,75,spike,3.768,-64.9992,103.017,103.905,3.995,38.9052,-19.6893,32.0445,-38.1703,3.022,6.09742e+10,16.4004,True,True,3,0.402965,1.18719,7.005,False,nan,41.443
HH_speed,7,HH_phi7_gNa840,1e+09,100,spike,3.798,-64.9991,103.038,104.017,3.995,39.0173,-22.7409,35.8432,-48.9019,3.022,6.09742e+10,16.4004,True,True,3,0.411351,1.1875,7.005,False,nan,41.6614
HH_speed,7,HH_phi7_gNa840,1e+09,150,quiescent,4,-64.999,0.239712,4.11771,3.085,-60.8821,-26.2385,40.544,-2.18198,3.022,6.09742e+10,16.4004,False,False,nan,nan,nan,0,False,nan,42.0096
HH_speed,7,HH_phi7_gNa840,1e+09,200,quiescent,4,-64.9989,0.256073,4.41543,3.09,-60.5844,-28.0109,43.3358,-2.82722,3.022,6.09742e+10,16.4004,False,False,nan,nan,nan,0,False,nan,42.2898
HH_speed,7,HH_phi7_gNa840,1e+09,300,quiescent,4,-64.9987,0.271419,4.70954,3.09,-60.2903,-29.6096,46.5717,-4.00314,3.022,6.09742e+10,16.4004,False,False,nan,nan,nan,0,False,nan,42.7191
HH_speed,7,HH_phi7_gNa840,1e+10,1,quiescent,4,-64.9997,0.764112,0.76503,6,-64.2347,-0.204834,0.268009,-1.02097,3.022,6.09742e+10,16.4004,False,False,nan,nan,nan,0,True,39.5833,39.9537
HH_speed,7,HH_phi7_gNa840,1e+10,10,quiescent,4,-64.9997,6.61138,6.63211,7,-58.3676,-2.01553,2.62337,-8.81614,3.022,6.09742e+10,16.4004,False,False,nan,nan,nan,0,True,35.1796,40.0669
HH_speed,7,HH_phi7_gNa840,1e+10,15,quiescent,4,-64.9997,9.22264,9.27745,7,-55.7222,-2.98855,3.8768,-12.3056,3.022,6.09742e+10,16.4004,False,False,nan,nan,nan,0,True,33.0836,40.1226
HH_speed,7,HH_phi7_gNa840,1e+10,20,quiescent,4,-64.9997,11.4992,11.5962,7,-53.4034,-3.93426,5.08519,-15.3361,3.022,6.09742e+10,16.4004,False,False,nan,nan,nan,0,True,31.1781,40.1739
HH_speed,7,HH_phi7_gNa840,1e+10,25,quiescent,4,-64.9996,13.4988,13.6548,7,-51.3448,-4.85126,6.25223,-18.003,3.022,6.09742e+10,16.4004,False,False,nan,nan,nan,0,True,29.4346,40.2235
HH_speed,7,HH_phi7_gNa840,1e+10,30,quiescent,4,-64.9996,15.2715,15.5015,7,-49.4981,-5.7389,7.3751,-20.3799,3.022,6.09742e+10,16.4004,False,False,nan,nan,nan,0,True,27.815,40.2708
HH_speed,7,HH_phi7_gNa840,1e+10,40,quiescent,4,-64.9996,18.3018,18.6951,7,-46.3045,-7.42589,9.48537,-24.4275,3.022,6.09742e+10,16.4004,False,False,nan,nan,nan,0,True,24.8581,40.3559
HH_speed,7,HH_phi7_gNa840,1e+10,50,quiescent,4,-64.9996,20.8137,21.4138,7,-43.5857,-8.99774,11.4357,-27.8057,3.022,6.09742e+10,16.4004,False,False,nan,nan,nan,0,True,22.1432,40.4303
HH_speed,7,HH_phi7_gNa840,1e+10,75,quiescent,4,-64.9995,25.7525,27.265,7,-37.7345,-12.4983,15.6863,-34.4535,3.022,6.09742e+10,16.4004,False,False,nan,nan,nan,0,True,15.0844,40.5821
HH_speed,7,HH_phi7_gNa840,1e+10,100,spike,3.424,-64.9994,99.4037,103.312,6,38.313,-15.48,19.2234,-37.8286,3.022,6.09742e+10,16.4004,True,True,5.005,0.512309,1.19771,7.005,False,nan,40.6998
HH_speed,7,HH_phi7_gNa840,1e+10,150,spike,3.341,-64.9993,103.493,103.493,5,38.4938,-20.2781,24.7428,-41.1497,3.022,6.09742e+10,16.4004,True,True,4,0.413237,1.19589,7.005,False,nan,40.8741
HH_speed,7,HH_phi7_gNa840,1e+10,200,spike,3.736,-64.9992,103.077,103.62,4,38.6212,-23.9575,28.845,-35.8701,3.022,6.09742e+10,16.4004,True,True,3,0.404681,1.19581,7.005,False,nan,41.0008
HH_speed,7,HH_phi7_gNa840,1e+10,300,spike,3.726,-64.9991,103.128,103.809,4,38.8102,-29.1246,34.4727,-42.5238,3.022,6.09742e+10,16.4004,True,True,3,0.367217,1.19585,7.005,False,nan,41.1953
HH_speed,10,HH_phi10_gNa1200,1e+09,1,quiescent,4,-64.9997,1.52701,1.52976,6,-63.47,-0.446025,0.903219,-3.09536,3.022,6.09742e+10,16.4004,False,False,nan,nan,nan,0,True,38.3749,39.9899
HH_speed,10,HH_phi10_gNa1200,1e+09,10,quiescent,4,-64.9996,10.6055,10.7642,6,-54.2355,-4.18689,8.19684,-21.0256,3.022,6.09742e+10,16.4004,False,False,nan,nan,nan,0,True,26.9328,40.3538
HH_speed,10,HH_phi10_gNa1200,1e+09,15,quiescent,4,-64.9996,13.7552,14.114,6,-50.8856,-6.01566,11.5621,-26.9519,3.022,6.09742e+10,16.4004,False,False,nan,nan,nan,0,True,22.3089,40.5085
HH_speed,10,HH_phi10_gNa1200,1e+09,20,quiescent,4,-64.9996,16.3572,17.0286,6,-47.971,-7.68011,14.5035,-31.6048,3.022,6.09742e+10,16.4004,False,False,nan,nan,nan,0,True,17.9252,40.638
HH_speed,10,HH_phi10_gNa1200,1e+09,25,spike,2.568,-64.9995,99.5796,106.816,5.54,41.8162,-11.1972,17.0878,-35.0792,3.022,6.09742e+10,16.4004,True,True,5,0.432122,1.42292,7.005,False,nan,40.7491
HH_speed,10,HH_phi10_gNa1200,1e+09,30,spike,2.502,-64.9995,102.044,106.81,4.535,41.8104,-11.1971,19.3736,-37.0418,3.022,6.09742e+10,16.4004,True,True,4,0.375011,1.42205,7,False,nan,40.8463
HH_speed,10,HH_phi10_gNa1200,1e+09,40,spike,2.474,-64.9994,103.643,106.81,3.475,41.8101,-13.0581,23.2291,-38.6499,3.022,6.09742e+10,16.4004,True,True,4,0.346424,1.41344,7.005,False,nan,41.0114
HH_speed,10,HH_phi10_gNa1200,1e+09,50,spike,2.494,-64.9994,103.749,106.809,3.535,41.8088,-15.1822,26.3558,-42.6326,3.022,6.09742e+10,16.4004,True,True,3,0.329576,1.41364,7.005,False,nan,41.1579
HH_speed,10,HH_phi10_gNa1200,1e+09,75,spike,3.153,-64.9993,102.959,104.132,3.995,39.1327,-19.3606,32.0414,-38.169,3.022,6.09742e+10,16.4004,True,True,3,0.315633,1.41428,7.005,False,nan,41.443
HH_speed,10,HH_phi10_gNa1200,1e+09,100,spike,3.209,-64.9992,102.965,107.761,3,42.7616,-22.3037,35.8403,-48.8449,3.022,6.09742e+10,16.4004,True,True,3,0.361701,1.41482,7.005,False,nan,41.6614
HH_speed,10,HH_phi10_gNa1200,1e+09,150,quiescent,4,-64.999,0.31762,4.16484,3.085,-60.835,-25.6799,40.5415,-2.18301,3.022,6.09742e+10,16.4004,False,False,nan,nan,nan,0,False,nan,42.0096
HH_speed,10,HH_phi10_gNa1200,1e+09,200,quiescent,4,-64.9989,0.337325,4.4852,3.09,-60.5146,-27.3987,43.3338,-2.82856,3.022,6.09742e+10,16.4004,False,False,nan,nan,nan,0,False,nan,42.2898
HH_speed,10,HH_phi10_gNa1200,1e+09,300,quiescent,4,-64.9988,0.356485,4.81044,3.09,-60.1894,-28.9476,46.5704,-4.00496,3.022,6.09742e+10,16.4004,False,False,nan,nan,nan,0,False,nan,42.7191
HH_speed,10,HH_phi10_gNa1200,1e+10,1,quiescent,4,-64.9997,0.76181,0.762751,6,-64.237,-0.204017,0.267993,-1.02091,3.022,6.09742e+10,16.4004,False,False,nan,nan,nan,0,True,39.5834,39.9537
HH_speed,10,HH_phi10_gNa1200,1e+10,10,quiescent,4,-64.9997,6.59422,6.61516,7,-58.3845,-2.00718,2.62321,-8.8157,3.022,6.09742e+10,16.4004,False,False,nan,nan,nan,0,True,35.1799,40.0669
HH_speed,10,HH_phi10_gNa1200,1e+10,15,quiescent,4,-64.9997,9.20127,9.25633,7,-55.7433,-2.97578,3.87656,-12.3051,3.022,6.09742e+10,16.4004,False,False,nan,nan,nan,0,True,33.0839,40.1226
HH_speed,10,HH_phi10_gNa1200,1e+10,20,quiescent,4,-64.9997,11.4759,11.5737,7,-53.426,-3.91693,5.08487,-15.3356,3.022,6.09742e+10,16.4004,False,False,nan,nan,nan,0,True,31.1784,40.1739
HH_speed,10,HH_phi10_gNa1200,1e+10,25,quiescent,4,-64.9996,13.4765,13.6341,7,-51.3656,-4.82923,6.25185,-18.0025,3.022,6.09742e+10,16.4004,False,False,nan,nan,nan,0,True,29.4349,40.2235
HH_speed,10,HH_phi10_gNa1200,1e+10,30,quiescent,4,-64.9996,15.2533,15.4842,7,-49.5154,-5.71206,7.37466,-20.3797,3.022,6.09742e+10,16.4004,False,False,nan,nan,nan,0,True,27.8152,40.2708
HH_speed,10,HH_phi10_gNa1200,1e+10,40,quiescent,4,-64.9996,18.2953,18.6942,7,-46.3054,-7.38915,9.4848,-24.428,3.022,6.09742e+10,16.4004,False,False,nan,nan,nan,0,True,24.8581,40.3558
HH_speed,10,HH_phi10_gNa1200,1e+10,50,quiescent,4,-64.9996,20.8312,21.4463,7,-43.5533,-8.95077,11.4351,-27.8076,3.022,6.09742e+10,16.4004,False,False,nan,nan,nan,0,True,22.1427,40.4303
HH_speed,10,HH_phi10_gNa1200,1e+10,75,spike,2.25,-64.9995,98.1562,106.875,5.53,41.875,-12.4266,15.6854,-34.4767,3.022,6.09742e+10,16.4004,True,True,5,0.418217,1.42779,7.005,True,15.0728,40.5821
HH_speed,10,HH_phi10_gNa1200,1e+10,100,spike,2.466,-64.9994,104.279,106.876,4.545,41.8764,-15.3861,19.2224,-37.8404,3.022,6.09742e+10,16.4004,True,True,4,0.337353,1.42828,7,False,nan,40.6998
HH_speed,10,HH_phi10_gNa1200,1e+10,150,spike,2.448,-64.9993,103.679,106.877,3.53,41.8771,-20.1377,24.7417,-41.1568,3.022,6.09742e+10,16.4004,True,True,3,0.306724,1.42652,7.005,False,nan,40.8741
HH_speed,10,HH_phi10_gNa1200,1e+10,200,spike,3.103,-64.9992,103.068,105.252,3,40.2529,-23.7759,28.8438,-35.8701,3.022,6.09742e+10,16.4004,True,True,3,0.290365,1.42666,7.005,False,nan,41.0008
HH_speed,10,HH_phi10_gNa1200,1e+10,300,spike,3.13,-64.9991,103.109,109.606,3,44.607,-28.8704,34.4716,-42.5214,3.022,6.09742e+10,16.4004,True,True,3,0.304214,1.42675,7.005,False,nan,41.1953
HH_gscale,2,HH_phi1_gNa240,1e+09,1,quiescent,4,-64.9997,1.55295,1.55559,6,-63.4441,-0.456392,0.903624,-3.09615,3.022,6.09742e+10,16.4004,False,False,nan,nan,nan,0,True,38.3741,39.9899
HH_gscale,2,HH_phi1_gNa240,1e+09,10,quiescent,4,-64.9996,10.7447,10.8998,6,-54.0998,-4.29478,8.20009,-21.0281,3.022,6.09742e+10,16.4004,False,False,nan,nan,nan,0,True,26.9279,40.3539
HH_gscale,2,HH_phi1_gNa240,1e+09,15,quiescent,4,-64.9996,13.8586,14.1918,6,-50.8078,-6.17948,11.5667,-26.9503,3.022,6.09742e+10,16.4004,False,False,nan,nan,nan,0,True,22.3033,40.5086
HH_gscale,2,HH_phi1_gNa240,1e+09,20,quiescent,4,-64.9995,16.3162,16.9425,7,-48.057,-7.90138,14.5089,-31.5954,3.022,6.09742e+10,16.4004,False,False,nan,nan,nan,0,True,17.9194,40.6381
HH_gscale,2,HH_phi1_gNa240,1e+09,25,quiescent,4,-64.9995,18.3918,19.2863,6,-45.7132,-9.4795,17.0939,-35.0575,3.022,6.09742e+10,16.4004,False,False,nan,nan,nan,0,False,nan,40.7492
HH_gscale,2,HH_phi1_gNa240,1e+09,30,quiescent,4,-64.9994,20.2649,20.2649,5,-44.7345,-10.9318,19.3804,-37.0248,3.022,6.09742e+10,16.4004,False,False,nan,nan,nan,0,False,nan,40.8465
HH_gscale,2,HH_phi1_gNa240,1e+09,40,quiescent,4,-64.9994,0.0312523,21.019,4,-43.9804,-13.5204,23.2365,-38.6448,3.022,6.09742e+10,16.4004,False,False,nan,nan,nan,0,False,nan,41.0115
HH_gscale,2,HH_phi1_gNa240,1e+09,50,quiescent,4,-64.9993,0.0356718,23.4677,4,-41.5316,-15.7674,26.3639,-42.6222,3.022,6.09742e+10,16.4004,False,False,nan,nan,nan,0,False,nan,41.1581
HH_gscale,2,HH_phi1_gNa240,1e+09,75,quiescent,4,-64.9992,0.0377915,20.6359,3,-44.3633,-20.2737,32.0499,-38.1731,3.022,6.09742e+10,16.4004,False,False,nan,nan,nan,0,False,nan,41.4431
HH_gscale,2,HH_phi1_gNa240,1e+09,100,quiescent,4,-64.9991,0.0432689,26.9074,3,-38.0917,-23.5385,35.8483,-49.0122,3.022,6.09742e+10,16.4004,False,False,nan,nan,nan,0,False,nan,41.6615
HH_gscale,2,HH_phi1_gNa240,1e+09,150,quiescent,4,-64.9989,0.0456322,4.10904,3.09,-60.8907,-27.2884,40.5483,-2.1805,3.022,6.09742e+10,16.4004,False,False,nan,nan,nan,0,False,nan,42.0096
HH_gscale,2,HH_phi1_gNa240,1e+09,200,quiescent,4,-64.9988,0.0514722,4.3793,3.09,-60.6205,-29.1704,43.3393,-2.8254,3.022,6.09742e+10,16.4004,False,False,nan,nan,nan,0,False,nan,42.2898
HH_gscale,2,HH_phi1_gNa240,1e+09,300,quiescent,4,-64.9986,0.0587556,4.63108,3.09,-60.3687,-30.8751,46.574,-4.00069,3.022,6.09742e+10,16.4004,False,False,nan,nan,nan,0,False,nan,42.7191
HH_gscale,2,HH_phi1_gNa240,1e+10,1,quiescent,4,-64.9997,0.768602,0.769462,6,-64.2303,-0.206385,0.26804,-1.02109,3.022,6.09742e+10,16.4004,False,False,nan,nan,nan,0,True,39.5833,39.9537
HH_gscale,2,HH_phi1_gNa240,1e+10,10,quiescent,4,-64.9997,6.6488,6.66903,7,-58.3307,-2.03115,2.62368,-8.81703,3.022,6.09742e+10,16.4004,False,False,nan,nan,nan,0,True,35.179,40.0669
HH_gscale,2,HH_phi1_gNa240,1e+10,15,quiescent,4,-64.9997,9.27368,9.32874,7,-55.6709,-3.01195,3.87725,-12.3066,3.022,6.09742e+10,16.4004,False,False,nan,nan,nan,0,True,33.0829,40.1226
HH_gscale,2,HH_phi1_gNa240,1e+10,20,quiescent,4,-64.9996,11.5605,11.6585,7,-53.3412,-3.96556,5.08577,-15.3374,3.022,6.09742e+10,16.4004,False,False,nan,nan,nan,0,True,31.1773,40.1739
HH_gscale,2,HH_phi1_gNa240,1e+10,25,quiescent,4,-64.9996,13.5693,13.7253,7,-51.2743,-4.89065,6.25291,-18.0043,3.022,6.09742e+10,16.4004,False,False,nan,nan,nan,0,True,29.4337,40.2235
HH_gscale,2,HH_phi1_gNa240,1e+10,30,quiescent,4,-64.9996,15.3489,15.5767,7,-49.4229,-5.78648,7.3759,-20.3811,3.022,6.09742e+10,16.4004,False,False,nan,nan,nan,0,True,27.814,40.2708
HH_gscale,2,HH_phi1_gNa240,1e+10,40,quiescent,4,-64.9996,18.3842,18.7743,7,-46.2253,-7.49013,9.48638,-24.4285,3.022,6.09742e+10,16.4004,False,False,nan,nan,nan,0,True,24.8571,40.3559
HH_gscale,2,HH_phi1_gNa240,1e+10,50,quiescent,4,-64.9995,20.895,21.4872,7,-43.5123,-9.07897,11.4369,-27.8056,3.022,6.09742e+10,16.4004,False,False,nan,nan,nan,0,True,22.1424,40.4303
HH_gscale,2,HH_phi1_gNa240,1e+10,75,quiescent,4,-64.9995,25.7934,27.2328,7,-37.7667,-12.6202,15.6878,-34.448,3.022,6.09742e+10,16.4004,False,False,nan,nan,nan,0,True,15.0869,40.5822
HH_gscale,2,HH_phi1_gNa240,1e+10,100,quiescent,4,-64.9994,29.7122,29.7122,5,-35.2872,-15.6388,19.2251,-37.8242,3.022,6.09742e+10,16.4004,False,False,nan,nan,nan,0,False,nan,40.6999
HH_gscale,2,HH_phi1_gNa240,1e+10,150,quiescent,4,-64.9993,0.0129984,32.27,4,-32.7293,-20.5169,24.7447,-41.148,3.022,6.09742e+10,16.4004,False,False,nan,nan,nan,0,False,nan,40.8741
HH_gscale,2,HH_phi1_gNa240,1e+10,200,quiescent,4,-64.9992,0.0128312,27.5008,3,-37.4984,-24.2696,28.8471,-35.8705,3.022,6.09742e+10,16.4004,False,False,nan,nan,nan,0,False,nan,41.0008
HH_gscale,2,HH_phi1_gNa240,1e+10,300,quiescent,4,-64.999,0.0158496,33.3258,3,-31.6733,-29.5664,34.4747,-42.5294,3.022,6.09742e+10,16.4004,False,False,nan,nan,nan,0,False,nan,41.1953
HH_gscale,5,HH_phi1_gNa600,1e+09,1,quiescent,4,-64.9997,1.54241,1.54511,6,-63.4546,-0.450989,0.903414,-3.09588,3.022,6.09742e+10,16.4004,False,False,nan,nan,nan,0,True,38.3745,39.9899
HH_gscale,5,HH_phi1_gNa600,1e+09,10,quiescent,4,-64.9996,10.663,10.8165,6,-54.1831,-4.2411,8.19847,-21.0265,3.022,6.09742e+10,16.4004,False,False,nan,nan,nan,0,True,26.9308,40.3539
HH_gscale,5,HH_phi1_gNa600,1e+09,15,quiescent,4,-64.9996,13.7515,14.0794,6,-50.9202,-6.09961,11.5644,-26.9488,3.022,6.09742e+10,16.4004,False,False,nan,nan,nan,0,True,22.3073,40.5085
HH_gscale,5,HH_phi1_gNa600,1e+09,20,quiescent,4,-64.9995,16.1887,16.837,7,-48.1625,-7.79537,14.5063,-31.5907,3.022,6.09742e+10,16.4004,False,False,nan,nan,nan,0,True,17.9262,40.638
HH_gscale,5,HH_phi1_gNa600,1e+09,25,quiescent,4,-64.9995,18.2492,19.1372,6,-45.8623,-9.34732,17.091,-35.0554,3.022,6.09742e+10,16.4004,False,False,nan,nan,nan,0,False,nan,40.7492
HH_gscale,5,HH_phi1_gNa600,1e+09,30,quiescent,4,-64.9995,20.1133,20.1133,5,-44.8862,-10.7734,19.3771,-37.0236,3.022,6.09742e+10,16.4004,False,False,nan,nan,nan,0,False,nan,40.8464
HH_gscale,5,HH_phi1_gNa600,1e+09,40,quiescent,4,-64.9994,0.0522472,20.8677,4,-44.1317,-13.3093,23.233,-38.6439,3.022,6.09742e+10,16.4004,False,False,nan,nan,nan,0,False,nan,41.0115
HH_gscale,5,HH_phi1_gNa600,1e+09,50,quiescent,4,-64.9993,0.0595259,23.3245,4,-41.6749,-15.5042,26.3601,-42.6184,3.022,6.09742e+10,16.4004,False,False,nan,nan,nan,0,False,nan,41.158
HH_gscale,5,HH_phi1_gNa600,1e+09,75,quiescent,4,-64.9992,0.0577372,20.512,3,-44.4873,-19.8796,32.0459,-38.1712,3.022,6.09742e+10,16.4004,False,False,nan,nan,nan,0,False,nan,41.443
HH_gscale,5,HH_phi1_gNa600,1e+09,100,quiescent,4,-64.9991,0.0656167,26.847,3,-38.1522,-23.0151,35.8446,-48.9314,3.022,6.09742e+10,16.4004,False,False,nan,nan,nan,0,False,nan,41.6615
HH_gscale,5,HH_phi1_gNa600,1e+09,150,quiescent,4,-64.999,0.068614,3.98975,3.085,-61.01,-26.6165,40.5452,-2.18209,3.022,6.09742e+10,16.4004,False,False,nan,nan,nan,0,False,nan,42.0096
HH_gscale,5,HH_phi1_gNa600,1e+09,200,quiescent,4,-64.9988,0.0766899,4.25068,3.085,-60.7491,-28.4361,43.3368,-2.82732,3.022,6.09742e+10,16.4004,False,False,nan,nan,nan,0,False,nan,42.2898
HH_gscale,5,HH_phi1_gNa600,1e+09,300,quiescent,4,-64.9987,0.0866922,4.49678,3.085,-60.503,-30.084,46.5723,-4.0033,3.022,6.09742e+10,16.4004,False,False,nan,nan,nan,0,False,nan,42.7191
HH_gscale,5,HH_phi1_gNa600,1e+10,1,quiescent,4,-64.9997,0.765857,0.766768,6,-64.233,-0.20515,0.268015,-1.02101,3.022,6.09742e+10,16.4004,False,False,nan,nan,nan,0,True,39.5833,39.9537
HH_gscale,5,HH_phi1_gNa600,1e+10,10,quiescent,4,-64.9997,6.6255,6.64619,7,-58.3535,-2.01896,2.62344,-8.81645,3.022,6.09742e+10,16.4004,False,False,nan,nan,nan,0,True,35.1795,40.0669
HH_gscale,5,HH_phi1_gNa600,1e+10,15,quiescent,4,-64.9997,9.24133,9.296,7,-55.7037,-2.99393,3.8769,-12.3059,3.022,6.09742e+10,16.4004,False,False,nan,nan,nan,0,True,33.0835,40.1226
HH_gscale,5,HH_phi1_gNa600,1e+10,20,quiescent,4,-64.9997,11.521,11.6178,7,-53.3818,-3.94172,5.08533,-15.3365,3.022,6.09742e+10,16.4004,False,False,nan,nan,nan,0,True,31.1779,40.1739
HH_gscale,5,HH_phi1_gNa600,1e+10,25,quiescent,4,-64.9996,13.5219,13.6771,7,-51.3225,-4.86092,6.25239,-18.0033,3.022,6.09742e+10,16.4004,False,False,nan,nan,nan,0,True,29.4345,40.2235
HH_gscale,5,HH_phi1_gNa600,1e+10,30,quiescent,4,-64.9996,15.2955,15.5237,7,-49.476,-5.75088,7.3753,-20.38,3.022,6.09742e+10,16.4004,False,False,nan,nan,nan,0,True,27.8149,40.2708
HH_gscale,5,HH_phi1_gNa600,1e+10,40,quiescent,4,-64.9996,18.3216,18.7112,7,-46.2884,-7.44284,9.48563,-24.4271,3.022,6.09742e+10,16.4004,False,False,nan,nan,nan,0,True,24.8583,40.3559
HH_gscale,5,HH_phi1_gNa600,1e+10,50,quiescent,4,-64.9996,20.8237,21.4139,7,-43.5856,-9.02006,11.436,-27.8045,3.022,6.09742e+10,16.4004,False,False,nan,nan,nan,0,True,22.1437,40.4303
HH_gscale,5,HH_phi1_gNa600,1e+10,75,quiescent,4,-64.9995,25.708,27.1355,7,-37.864,-12.5345,15.6867,-34.4459,3.022,6.09742e+10,16.4004,False,False,nan,nan,nan,0,True,15.0899,40.5821
HH_gscale,5,HH_phi1_gNa600,1e+10,100,quiescent,4,-64.9994,29.6158,29.6158,5,-35.3836,-15.5298,19.2239,-37.8232,3.022,6.09742e+10,16.4004,False,False,nan,nan,nan,0,False,nan,40.6998
HH_gscale,5,HH_phi1_gNa600,1e+10,150,quiescent,4,-64.9993,0.0229,32.1817,4,-32.8176,-20.3597,24.7433,-41.1465,3.022,6.09742e+10,16.4004,False,False,nan,nan,nan,0,False,nan,40.8741
HH_gscale,5,HH_phi1_gNa600,1e+10,200,quiescent,4,-64.9992,0.0208798,27.4576,3,-37.5417,-24.0699,28.8456,-35.8702,3.022,6.09742e+10,16.4004,False,False,nan,nan,nan,0,False,nan,41.0008
HH_gscale,5,HH_phi1_gNa600,1e+10,300,quiescent,4,-64.999,0.0254611,33.2928,3,-31.7063,-29.2958,34.4733,-42.5252,3.022,6.09742e+10,16.4004,False,False,nan,nan,nan,0,False,nan,41.1953
HH_gscale,10,HH_phi1_gNa1200,1e+09,1,quiescent,4,-64.9997,1.52455,1.52736,6,-63.4723,-0.442456,0.90308,-3.09542,3.022,6.09742e+10,16.4004,False,False,nan,nan,nan,0,True,38.3751,39.9899
HH_gscale,10,HH_phi1_gNa1200,1e+09,10,quiescent,4,-64.9996,10.5289,10.6771,6,-54.3226,-4.15642,8.19587,-21.0237,3.022,6.09742e+10,16.4004,False,False,nan,nan,nan,0,True,26.9354,40.3538
HH_gscale,10,HH_phi1_gNa1200,1e+09,15,quiescent,4,-64.9996,13.5716,13.891,6,-51.1086,-5.97371,11.5608,-26.9459,3.022,6.09742e+10,16.4004,False,False,nan,nan,nan,0,True,22.3142,40.5084
HH_gscale,10,HH_phi1_gNa1200,1e+09,20,quiescent,4,-64.9996,15.9717,16.639,7,-48.3606,-7.62848,14.502,-31.5904,3.022,6.09742e+10,16.4004,False,False,nan,nan,nan,0,True,17.9368,40.6379
HH_gscale,10,HH_phi1_gNa1200,1e+09,25,quiescent,4,-64.9995,18.0021,18.8672,6,-46.1323,-9.13951,17.0863,-35.0503,3.022,6.09742e+10,16.4004,False,False,nan,nan,nan,0,False,nan,40.7491
HH_gscale,10,HH_phi1_gNa1200,1e+09,30,quiescent,4,-64.9995,19.8405,19.8405,5,-45.159,-10.5247,19.372,-37.0206,3.022,6.09742e+10,16.4004,False,False,nan,nan,nan,0,False,nan,40.8463
HH_gscale,10,HH_phi1_gNa1200,1e+09,40,quiescent,4,-64.9994,0.068544,20.5941,4,-44.4054,-12.9827,23.2274,-38.6419,3.022,6.09742e+10,16.4004,False,False,nan,nan,nan,0,False,nan,41.0113
HH_gscale,10,HH_phi1_gNa1200,1e+09,50,quiescent,4,-64.9994,0.0778358,23.0368,4,-41.9626,-15.1008,26.354,-42.6104,3.022,6.09742e+10,16.4004,False,False,nan,nan,nan,0,False,nan,41.1579
HH_gscale,10,HH_phi1_gNa1200,1e+09,75,quiescent,4,-64.9993,0.0742119,20.2626,3,-44.7368,-19.2784,32.0396,-38.1684,3.022,6.09742e+10,16.4004,False,False,nan,nan,nan,0,False,nan,41.4429
HH_gscale,10,HH_phi1_gNa1200,1e+09,100,quiescent,4,-64.9992,0.0840263,26.5808,3,-38.4185,-22.2336,35.8387,-48.814,3.022,6.09742e+10,16.4004,False,False,nan,nan,nan,0,False,nan,41.6614
HH_gscale,10,HH_phi1_gNa1200,1e+09,150,quiescent,4,-64.999,0.0874433,3.81062,3.08,-61.1892,-25.6313,40.5402,-2.18409,3.022,6.09742e+10,16.4004,False,False,nan,nan,nan,0,False,nan,42.0095
HH_gscale,10,HH_phi1_gNa1200,1e+09,200,quiescent,4,-64.9989,0.0971702,4.05956,3.08,-60.9402,-27.3626,43.3327,-2.82981,3.022,6.09742e+10,16.4004,False,False,nan,nan,nan,0,False,nan,42.2898
HH_gscale,10,HH_phi1_gNa1200,1e+09,300,quiescent,4,-64.9988,0.1091,4.29831,3.08,-60.7015,-28.9316,46.5696,-4.00656,3.022,6.09742e+10,16.4004,False,False,nan,nan,nan,0,False,nan,42.7191
HH_gscale,10,HH_phi1_gNa1200,1e+10,1,quiescent,4,-64.9997,0.761254,0.762248,6,-64.2375,-0.203171,0.267976,-1.02089,3.022,6.09742e+10,16.4004,False,False,nan,nan,nan,0,True,39.5834,39.9537
HH_gscale,10,HH_phi1_gNa1200,1e+10,10,quiescent,4,-64.9997,6.58618,6.60757,7,-58.3921,-1.99977,2.62306,-8.81548,3.022,6.09742e+10,16.4004,False,False,nan,nan,nan,0,True,35.1802,40.0669
HH_gscale,10,HH_phi1_gNa1200,1e+10,15,quiescent,4,-64.9997,9.18872,9.24048,7,-55.7592,-2.96523,3.87635,-12.3047,3.022,6.09742e+10,16.4004,False,False,nan,nan,nan,0,True,33.0844,40.1226
HH_gscale,10,HH_phi1_gNa1200,1e+10,20,quiescent,4,-64.9997,11.4537,11.5521,7,-53.4475,-3.90355,5.08461,-15.335,3.022,6.09742e+10,16.4004,False,False,nan,nan,nan,0,True,31.179,40.1739
HH_gscale,10,HH_phi1_gNa1200,1e+10,25,quiescent,4,-64.9996,13.4412,13.5982,7,-51.4014,-4.81332,6.25156,-18.0015,3.022,6.09742e+10,16.4004,False,False,nan,nan,nan,0,True,29.4358,40.2235
HH_gscale,10,HH_phi1_gNa1200,1e+10,30,quiescent,4,-64.9996,15.2081,15.4323,7,-49.5673,-5.69389,7.37432,-20.3782,3.022,6.09742e+10,16.4004,False,False,nan,nan,nan,0,True,27.8164,40.2708
HH_gscale,10,HH_phi1_gNa1200,1e+10,40,quiescent,4,-64.9996,18.2135,18.6011,7,-46.3985,-7.36719,9.4844,-24.4249,3.022,6.09742e+10,16.4004,False,False,nan,nan,nan,0,True,24.8601,40.3558
HH_gscale,10,HH_phi1_gNa1200,1e+10,50,quiescent,4,-64.9996,20.6994,21.2844,7,-43.7151,-8.92589,11.4346,-27.8025,3.022,6.09742e+10,16.4004,False,False,nan,nan,nan,0,True,22.1459,40.4303
HH_gscale,10,HH_phi1_gNa1200,1e+10,75,quiescent,4,-64.9995,25.5567,26.9568,7,-38.0427,-12.3978,15.6849,-34.4421,3.022,6.09742e+10,16.4004,False,False,nan,nan,nan,0,True,15.0951,40.5821
HH_gscale,10,HH_phi1_gNa1200,1e+10,100,quiescent,4,-64.9994,29.4351,29.4351,5,-35.5643,-15.3561,19.2219,-37.8214,3.022,6.09742e+10,16.4004,False,False,nan,nan,nan,0,False,nan,40.6998
HH_gscale,10,HH_phi1_gNa1200,1e+10,150,quiescent,4,-64.9993,0.0318482,32.0105,4,-32.9888,-20.1107,24.7411,-41.1439,3.022,6.09742e+10,16.4004,False,False,nan,nan,nan,0,False,nan,40.8741
HH_gscale,10,HH_phi1_gNa1200,1e+10,200,quiescent,4,-64.9992,0.0286598,27.3626,3,-37.6366,-23.7569,28.8433,-35.8697,3.022,6.09742e+10,16.4004,False,False,nan,nan,nan,0,False,nan,41.0008
HH_gscale,10,HH_phi1_gNa1200,1e+10,300,quiescent,4,-64.9991,0.0346662,33.1803,3,-31.8189,-28.8733,34.471,-42.5184,3.022,6.09742e+10,16.4004,False,False,nan,nan,nan,0,False,nan,41.1953
NavC_tau_m8,1.5,NavC_tm8_1.5ms_g18_2000,1e+09,1,quiescent,4,-66.8228,1.5566,1.55922,6,-65.2636,-0.458064,0.903688,-3.09625,3.022,6.09742e+10,16.4004,False,False,nan,nan,nan,0,True,38.374,39.9899
NavC_tau_m8,1.5,NavC_tm8_1.5ms_g18_2000,1e+09,10,quiescent,4,-66.8227,10.7734,10.9301,6,-55.8926,-4.31131,8.20059,-21.0287,3.022,6.09742e+10,16.4004,False,False,nan,nan,nan,0,True,26.927,40.3539
NavC_tau_m8,1.5,NavC_tm8_1.5ms_g18_2000,1e+09,15,quiescent,4,-66.8227,13.8978,14.2324,6,-52.5902,-6.20401,11.5673,-26.9509,3.022,6.09742e+10,16.4004,False,False,nan,nan,nan,0,True,22.3022,40.5086
NavC_tau_m8,1.5,NavC_tm8_1.5ms_g18_2000,1e+09,20,quiescent,4,-66.8226,16.3642,16.9864,7,-49.8363,-7.93383,14.5097,-31.5969,3.022,6.09742e+10,16.4004,False,False,nan,nan,nan,0,True,17.9175,40.6381
NavC_tau_m8,1.5,NavC_tm8_1.5ms_g18_2000,1e+09,25,quiescent,4,-66.8226,18.4465,19.3459,6,-47.4767,-9.51984,17.0948,-35.0582,3.022,6.09742e+10,16.4004,False,False,nan,nan,nan,0,False,nan,40.7493
NavC_tau_m8,1.5,NavC_tm8_1.5ms_g18_2000,1e+09,30,quiescent,4,-66.8225,20.3246,20.3246,5,-46.498,-10.98,19.3813,-37.0253,3.022,6.09742e+10,16.4004,False,False,nan,nan,nan,0,False,nan,40.8465
NavC_tau_m8,1.5,NavC_tm8_1.5ms_g18_2000,1e+09,40,quiescent,4,-66.8225,0.0142103,21.08,4,-45.7425,-13.5843,23.2375,-38.6452,3.022,6.09742e+10,16.4004,False,False,nan,nan,nan,0,False,nan,41.0116
NavC_tau_m8,1.5,NavC_tm8_1.5ms_g18_2000,1e+09,50,quiescent,4,-66.8224,0.0161785,23.5276,4,-43.2949,-15.8468,26.365,-42.6234,3.022,6.09742e+10,16.4004,False,False,nan,nan,nan,0,False,nan,41.1581
NavC_tau_m8,1.5,NavC_tm8_1.5ms_g18_2000,1e+09,75,quiescent,4,-66.8222,0.0161275,20.6893,3,-46.1331,-20.3928,32.0511,-38.1739,3.022,6.09742e+10,16.4004,False,False,nan,nan,nan,0,False,nan,41.4431
NavC_tau_m8,1.5,NavC_tm8_1.5ms_g18_2000,1e+09,100,quiescent,4,-66.8221,0.0183138,26.9318,3,-39.8904,-23.6963,35.8495,-49.0327,3.022,6.09742e+10,16.4004,False,False,nan,nan,nan,0,False,nan,41.6615
NavC_tau_m8,1.5,NavC_tm8_1.5ms_g18_2000,1e+09,150,quiescent,4,-66.8219,0.0192506,4.14354,3.09,-62.6793,-27.4919,40.5492,-2.1801,3.022,6.09742e+10,16.4004,False,False,nan,nan,nan,0,False,nan,42.0096
NavC_tau_m8,1.5,NavC_tm8_1.5ms_g18_2000,1e+09,200,quiescent,4,-66.8218,0.0214709,4.415,3.09,-62.4079,-29.3937,43.3401,-2.82494,3.022,6.09742e+10,16.4004,False,False,nan,nan,nan,0,False,nan,42.2898
NavC_tau_m8,1.5,NavC_tm8_1.5ms_g18_2000,1e+09,300,quiescent,4,-66.8216,0.0241791,4.6669,3.09,-62.156,-31.117,46.5745,-4.00007,3.022,6.09742e+10,16.4004,False,False,nan,nan,nan,0,False,nan,42.7191
NavC_tau_m8,1.5,NavC_tm8_1.5ms_g18_2000,1e+10,1,quiescent,4,-66.8228,0.769539,0.770384,6,-66.0524,-0.206763,0.268047,-1.02111,3.022,6.09742e+10,16.4004,False,False,nan,nan,nan,0,True,39.5833,39.9537
NavC_tau_m8,1.5,NavC_tm8_1.5ms_g18_2000,1e+10,10,quiescent,4,-66.8228,6.65682,6.67694,7,-60.1458,-2.03492,2.62375,-8.81722,3.022,6.09742e+10,16.4004,False,False,nan,nan,nan,0,True,35.1789,40.0669
NavC_tau_m8,1.5,NavC_tm8_1.5ms_g18_2000,1e+10,15,quiescent,4,-66.8228,9.28512,9.34008,7,-57.4827,-3.01758,3.87735,-12.3069,3.022,6.09742e+10,16.4004,False,False,nan,nan,nan,0,True,33.0827,40.1226
NavC_tau_m8,1.5,NavC_tm8_1.5ms_g18_2000,1e+10,20,quiescent,4,-66.8227,11.5743,11.6728,7,-55.1499,-3.97284,5.0859,-15.3377,3.022,6.09742e+10,16.4004,False,False,nan,nan,nan,0,True,31.1771,40.1739
NavC_tau_m8,1.5,NavC_tm8_1.5ms_g18_2000,1e+10,25,quiescent,4,-66.8227,13.5858,13.7421,7,-53.0806,-4.89972,6.25306,-18.0047,3.022,6.09742e+10,16.4004,False,False,nan,nan,nan,0,True,29.4334,40.2235
NavC_tau_m8,1.5,NavC_tm8_1.5ms_g18_2000,1e+10,30,quiescent,4,-66.8227,15.3679,15.5954,7,-51.2273,-5.79733,7.37608,-20.3815,3.022,6.09742e+10,16.4004,False,False,nan,nan,nan,0,True,27.8137,40.2708
NavC_tau_m8,1.5,NavC_tm8_1.5ms_g18_2000,1e+10,40,quiescent,4,-66.8227,18.4063,18.797,7,-48.0257,-7.5045,9.48661,-24.429,3.022,6.09742e+10,16.4004,False,False,nan,nan,nan,0,True,24.8568,40.3559
NavC_tau_m8,1.5,NavC_tm8_1.5ms_g18_2000,1e+10,50,quiescent,4,-66.8226,20.9203,21.5138,7,-45.3088,-9.09682,11.4371,-27.806,3.022,6.09742e+10,16.4004,False,False,nan,nan,nan,0,True,22.142,40.4303
NavC_tau_m8,1.5,NavC_tm8_1.5ms_g18_2000,1e+10,75,quiescent,4,-66.8226,25.8257,27.2705,7,-39.5521,-12.646,15.6881,-34.4486,3.022,6.09742e+10,16.4004,False,False,nan,nan,nan,0,True,15.0861,40.5822
NavC_tau_m8,1.5,NavC_tm8_1.5ms_g18_2000,1e+10,100,quiescent,4,-66.8225,29.7478,29.7478,5,-37.0747,-15.6719,19.2255,-37.8245,3.022,6.09742e+10,16.4004,False,False,nan,nan,nan,0,False,nan,40.6999
NavC_tau_m8,1.5,NavC_tm8_1.5ms_g18_2000,1e+10,150,quiescent,4,-66.8224,0.00581989,32.3039,4,-34.5185,-20.5639,24.7451,-41.1485,3.022,6.09742e+10,16.4004,False,False,nan,nan,nan,0,False,nan,40.8742
NavC_tau_m8,1.5,NavC_tm8_1.5ms_g18_2000,1e+10,200,quiescent,4,-66.8223,0.00551656,27.5193,3,-39.303,-24.3291,28.8475,-35.8707,3.022,6.09742e+10,16.4004,False,False,nan,nan,nan,0,False,nan,41.0008
NavC_tau_m8,1.5,NavC_tm8_1.5ms_g18_2000,1e+10,300,quiescent,4,-66.8221,0.00669223,33.3382,3,-33.484,-29.647,34.4751,-42.5306,3.022,6.09742e+10,16.4004,False,False,nan,nan,nan,0,False,nan,41.1953
NavC_tau_m8,1,NavC_tm8_1ms_g18_2000,1e+09,1,quiescent,4,-66.8228,1.5566,1.55922,6,-65.2636,-0.458064,0.903688,-3.09625,3.022,6.09742e+10,16.4004,False,False,nan,nan,nan,0,True,38.374,39.9899
NavC_tau_m8,1,NavC_tm8_1ms_g18_2000,1e+09,10,quiescent,4,-66.8227,10.7734,10.9301,6,-55.8926,-4.31131,8.20059,-21.0287,3.022,6.09742e+10,16.4004,False,False,nan,nan,nan,0,True,26.927,40.3539
NavC_tau_m8,1,NavC_tm8_1ms_g18_2000,1e+09,15,quiescent,4,-66.8227,13.8978,14.2324,6,-52.5902,-6.20401,11.5673,-26.9509,3.022,6.09742e+10,16.4004,False,False,nan,nan,nan,0,True,22.3022,40.5086
NavC_tau_m8,1,NavC_tm8_1ms_g18_2000,1e+09,20,quiescent,4,-66.8226,16.3642,16.9864,7,-49.8363,-7.93383,14.5097,-31.5969,3.022,6.09742e+10,16.4004,False,False,nan,nan,nan,0,True,17.9175,40.6381
NavC_tau_m8,1,NavC_tm8_1ms_g18_2000,1e+09,25,quiescent,4,-66.8226,18.4465,19.3459,6,-47.4767,-9.51984,17.0948,-35.0582,3.022,6.09742e+10,16.4004,False,False,nan,nan,nan,0,False,nan,40.7493
NavC_tau_m8,1,NavC_tm8_1ms_g18_2000,1e+09,30,quiescent,4,-66.8225,20.3246,20.3246,5,-46.498,-10.98,19.3813,-37.0253,3.022,6.09742e+10,16.4004,False,False,nan,nan,nan,0,False,nan,40.8465
NavC_tau_m8,1,NavC_tm8_1ms_g18_2000,1e+09,40,quiescent,4,-66.8225,0.0142108,21.08,4,-45.7425,-13.5843,23.2375,-38.6452,3.022,6.09742e+10,16.4004,False,False,nan,nan,nan,0,False,nan,41.0116
NavC_tau_m8,1,NavC_tm8_1ms_g18_2000,1e+09,50,quiescent,4,-66.8224,0.0161792,23.5276,4,-43.2949,-15.8468,26.365,-42.6234,3.022,6.09742e+10,16.4004,False,False,nan,nan,nan,0,False,nan,41.1581
NavC_tau_m8,1,NavC_tm8_1ms_g18_2000,1e+09,75,quiescent,4,-66.8222,0.016128,20.6893,3,-46.1331,-20.3928,32.0511,-38.1739,3.022,6.09742e+10,16.4004,False,False,nan,nan,nan,0,False,nan,41.4431
NavC_tau_m8,1,NavC_tm8_1ms_g18_2000,1e+09,100,quiescent,4,-66.8221,0.0183143,26.9318,3,-39.8904,-23.6963,35.8495,-49.0327,3.022,6.09742e+10,16.4004,False,False,nan,nan,nan,0,False,nan,41.6615
NavC_tau_m8,1,NavC_tm8_1ms_g18_2000,1e+09,150,quiescent,4,-66.8219,0.0192511,4.14354,3.09,-62.6793,-27.4919,40.5492,-2.1801,3.022,6.09742e+10,16.4004,False,False,nan,nan,nan,0,False,nan,42.0096
NavC_tau_m8,1,NavC_tm8_1ms_g18_2000,1e+09,200,quiescent,4,-66.8218,0.0214715,4.415,3.09,-62.4079,-29.3937,43.3401,-2.82494,3.022,6.09742e+10,16.4004,False,False,nan,nan,nan,0,False,nan,42.2898
NavC_tau_m8,1,NavC_tm8_1ms_g18_2000,1e+09,300,quiescent,4,-66.8216,0.0241797,4.6669,3.09,-62.156,-31.117,46.5745,-4.00007,3.022,6.09742e+10,16.4004,False,False,nan,nan,nan,0,False,nan,42.7191
NavC_tau_m8,1,NavC_tm8_1ms_g18_2000,1e+10,1,quiescent,4,-66.8228,0.769539,0.770384,6,-66.0524,-0.206763,0.268047,-1.02111,3.022,6.09742e+10,16.4004,False,False,nan,nan,nan,0,True,39.5833,39.9537
NavC_tau_m8,1,NavC_tm8_1ms_g18_2000,1e+10,10,quiescent,4,-66.8228,6.65682,6.67694,7,-60.1458,-2.03492,2.62375,-8.81722,3.022,6.09742e+10,16.4004,False,False,nan,nan,nan,0,True,35.1789,40.0669
NavC_tau_m8,1,NavC_tm8_1ms_g18_2000,1e+10,15,quiescent,4,-66.8228,9.28512,9.34008,7,-57.4827,-3.01758,3.87735,-12.3069,3.022,6.09742e+10,16.4004,False,False,nan,nan,nan,0,True,33.0827,40.1226
NavC_tau_m8,1,NavC_tm8_1ms_g18_2000,1e+10,20,quiescent,4,-66.8227,11.5743,11.6728,7,-55.1499,-3.97284,5.0859,-15.3377,3.022,6.09742e+10,16.4004,False,False,nan,nan,nan,0,True,31.1771,40.1739
NavC_tau_m8,1,NavC_tm8_1ms_g18_2000,1e+10,25,quiescent,4,-66.8227,13.5858,13.7421,7,-53.0806,-4.89972,6.25306,-18.0047,3.022,6.09742e+10,16.4004,False,False,nan,nan,nan,0,True,29.4334,40.2235
NavC_tau_m8,1,NavC_tm8_1ms_g18_2000,1e+10,30,quiescent,4,-66.8227,15.3679,15.5954,7,-51.2273,-5.79733,7.37608,-20.3815,3.022,6.09742e+10,16.4004,False,False,nan,nan,nan,0,True,27.8137,40.2708
NavC_tau_m8,1,NavC_tm8_1ms_g18_2000,1e+10,40,quiescent,4,-66.8227,18.4063,18.797,7,-48.0257,-7.5045,9.48661,-24.429,3.022,6.09742e+10,16.4004,False,False,nan,nan,nan,0,True,24.8568,40.3559
NavC_tau_m8,1,NavC_tm8_1ms_g18_2000,1e+10,50,quiescent,4,-66.8226,20.9203,21.5138,7,-45.3088,-9.09682,11.4371,-27.806,3.022,6.09742e+10,16.4004,False,False,nan,nan,nan,0,True,22.142,40.4303
NavC_tau_m8,1,NavC_tm8_1ms_g18_2000,1e+10,75,quiescent,4,-66.8226,25.8257,27.2705,7,-39.5521,-12.646,15.6881,-34.4486,3.022,6.09742e+10,16.4004,False,False,nan,nan,nan,0,True,15.0861,40.5822
NavC_tau_m8,1,NavC_tm8_1ms_g18_2000,1e+10,100,quiescent,4,-66.8225,29.7478,29.7478,5,-37.0747,-15.6719,19.2255,-37.8245,3.022,6.09742e+10,16.4004,False,False,nan,nan,nan,0,False,nan,40.6999
NavC_tau_m8,1,NavC_tm8_1ms_g18_2000,1e+10,150,quiescent,4,-66.8224,0.00582217,32.3039,4,-34.5185,-20.5639,24.7451,-41.1485,3.022,6.09742e+10,16.4004,False,False,nan,nan,nan,0,False,nan,40.8742
NavC_tau_m8,1,NavC_tm8_1ms_g18_2000,1e+10,200,quiescent,4,-66.8223,0.0055167,27.5193,3,-39.303,-24.3291,28.8475,-35.8707,3.022,6.09742e+10,16.4004,False,False,nan,nan,nan,0,False,nan,41.0008
NavC_tau_m8,1,NavC_tm8_1ms_g18_2000,1e+10,300,quiescent,4,-66.8221,0.00669239,33.3382,3,-33.484,-29.647,34.4751,-42.5306,3.022,6.09742e+10,16.4004,False,False,nan,nan,nan,0,False,nan,41.1953
NavC_tau_m8,0.5,NavC_tm8_0.5ms_g18_2000,1e+09,1,quiescent,4,-66.8228,1.5566,1.55922,6,-65.2636,-0.458064,0.903688,-3.09625,3.022,6.09742e+10,16.4004,False,False,nan,nan,nan,0,True,38.374,39.9899
NavC_tau_m8,0.5,NavC_tm8_0.5ms_g18_2000,1e+09,10,quiescent,4,-66.8227,10.7734,10.9301,6,-55.8926,-4.31131,8.20059,-21.0287,3.022,6.09742e+10,16.4004,False,False,nan,nan,nan,0,True,26.927,40.3539
NavC_tau_m8,0.5,NavC_tm8_0.5ms_g18_2000,1e+09,15,quiescent,4,-66.8227,13.8978,14.2324,6,-52.5902,-6.20401,11.5673,-26.9509,3.022,6.09742e+10,16.4004,False,False,nan,nan,nan,0,True,22.3022,40.5086
NavC_tau_m8,0.5,NavC_tm8_0.5ms_g18_2000,1e+09,20,quiescent,4,-66.8226,16.3642,16.9864,7,-49.8363,-7.93383,14.5097,-31.5969,3.022,6.09742e+10,16.4004,False,False,nan,nan,nan,0,True,17.9175,40.6381
NavC_tau_m8,0.5,NavC_tm8_0.5ms_g18_2000,1e+09,25,quiescent,4,-66.8226,18.4465,19.3459,6,-47.4767,-9.51984,17.0948,-35.0582,3.022,6.09742e+10,16.4004,False,False,nan,nan,nan,0,False,nan,40.7493
NavC_tau_m8,0.5,NavC_tm8_0.5ms_g18_2000,1e+09,30,quiescent,4,-66.8225,20.3246,20.3246,5,-46.498,-10.98,19.3813,-37.0253,3.022,6.09742e+10,16.4004,False,False,nan,nan,nan,0,False,nan,40.8465
NavC_tau_m8,0.5,NavC_tm8_0.5ms_g18_2000,1e+09,40,quiescent,4,-66.8225,0.0142118,21.08,4,-45.7425,-13.5843,23.2375,-38.6452,3.022,6.09742e+10,16.4004,False,False,nan,nan,nan,0,False,nan,41.0116
NavC_tau_m8,0.5,NavC_tm8_0.5ms_g18_2000,1e+09,50,quiescent,4,-66.8224,0.0161807,23.5276,4,-43.2948,-15.8468,26.365,-42.6234,3.022,6.09742e+10,16.4004,False,False,nan,nan,nan,0,False,nan,41.1581
NavC_tau_m8,0.5,NavC_tm8_0.5ms_g18_2000,1e+09,75,quiescent,4,-66.8222,0.016129,20.6893,3,-46.1331,-20.3928,32.0511,-38.1739,3.022,6.09742e+10,16.4004,False,False,nan,nan,nan,0,False,nan,41.4431
NavC_tau_m8,0.5,NavC_tm8_0.5ms_g18_2000,1e+09,100,quiescent,4,-66.8221,0.0183155,26.9318,3,-39.8904,-23.6963,35.8495,-49.0327,3.022,6.09742e+10,16.4004,False,False,nan,nan,nan,0,False,nan,41.6615
NavC_tau_m8,0.5,NavC_tm8_0.5ms_g18_2000,1e+09,150,quiescent,4,-66.8219,0.0192522,4.14355,3.09,-62.6793,-27.4919,40.5492,-2.1801,3.022,6.09742e+10,16.4004,False,False,nan,nan,nan,0,False,nan,42.0096
NavC_tau_m8,0.5,NavC_tm8_0.5ms_g18_2000,1e+09,200,quiescent,4,-66.8218,0.0214727,4.415,3.09,-62.4079,-29.3937,43.3401,-2.82494,3.022,6.09742e+10,16.4004,False,False,nan,nan,nan,0,False,nan,42.2898
NavC_tau_m8,0.5,NavC_tm8_0.5ms_g18_2000,1e+09,300,quiescent,4,-66.8216,0.024181,4.66691,3.09,-62.156,-31.117,46.5745,-4.00007,3.022,6.09742e+10,16.4004,False,False,nan,nan,nan,0,False,nan,42.7191
NavC_tau_m8,0.5,NavC_tm8_0.5ms_g18_2000,1e+10,1,quiescent,4,-66.8228,0.769539,0.770384,6,-66.0524,-0.206763,0.268047,-1.02111,3.022,6.09742e+10,16.4004,False,False,nan,nan,nan,0,True,39.5833,39.9537
NavC_tau_m8,0.5,NavC_tm8_0.5ms_g18_2000,1e+10,10,quiescent,4,-66.8228,6.65682,6.67694,7,-60.1458,-2.03492,2.62375,-8.81722,3.022,6.09742e+10,16.4004,False,False,nan,nan,nan,0,True,35.1789,40.0669
NavC_tau_m8,0.5,NavC_tm8_0.5ms_g18_2000,1e+10,15,quiescent,4,-66.8228,9.28512,9.34008,7,-57.4827,-3.01758,3.87735,-12.3069,3.022,6.09742e+10,16.4004,False,False,nan,nan,nan,0,True,33.0827,40.1226
NavC_tau_m8,0.5,NavC_tm8_0.5ms_g18_2000,1e+10,20,quiescent,4,-66.8227,11.5743,11.6728,7,-55.1499,-3.97284,5.0859,-15.3377,3.022,6.09742e+10,16.4004,False,False,nan,nan,nan,0,True,31.1771,40.1739
NavC_tau_m8,0.5,NavC_tm8_0.5ms_g18_2000,1e+10,25,quiescent,4,-66.8227,13.5858,13.7421,7,-53.0806,-4.89972,6.25306,-18.0047,3.022,6.09742e+10,16.4004,False,False,nan,nan,nan,0,True,29.4334,40.2235
NavC_tau_m8,0.5,NavC_tm8_0.5ms_g18_2000,1e+10,30,quiescent,4,-66.8227,15.3679,15.5954,7,-51.2273,-5.79733,7.37608,-20.3815,3.022,6.09742e+10,16.4004,False,False,nan,nan,nan,0,True,27.8137,40.2708
NavC_tau_m8,0.5,NavC_tm8_0.5ms_g18_2000,1e+10,40,quiescent,4,-66.8227,18.4063,18.797,7,-48.0257,-7.5045,9.48661,-24.429,3.022,6.09742e+10,16.4004,False,False,nan,nan,nan,0,True,24.8568,40.3559
NavC_tau_m8,0.5,NavC_tm8_0.5ms_g18_2000,1e+10,50,quiescent,4,-66.8226,20.9203,21.5138,7,-45.3088,-9.09682,11.4371,-27.806,3.022,6.09742e+10,16.4004,False,False,nan,nan,nan,0,True,22.142,40.4303
NavC_tau_m8,0.5,NavC_tm8_0.5ms_g18_2000,1e+10,75,quiescent,4,-66.8226,25.8257,27.2705,7,-39.5521,-12.646,15.6881,-34.4486,3.022,6.09742e+10,16.4004,False,False,nan,nan,nan,0,True,15.0861,40.5822
NavC_tau_m8,0.5,NavC_tm8_0.5ms_g18_2000,1e+10,100,quiescent,4,-66.8225,29.7478,29.7478,5,-37.0747,-15.6719,19.2255,-37.8245,3.022,6.09742e+10,16.4004,False,False,nan,nan,nan,0,False,nan,40.6999
NavC_tau_m8,0.5,NavC_tm8_0.5ms_g18_2000,1e+10,150,quiescent,4,-66.8224,0.00583038,32.3039,4,-34.5185,-20.5639,24.7451,-41.1485,3.022,6.09742e+10,16.4004,False,False,nan,nan,nan,0,False,nan,40.8742
NavC_tau_m8,0.5,NavC_tm8_0.5ms_g18_2000,1e+10,200,quiescent,4,-66.8223,0.00551701,27.5193,3,-39.303,-24.3291,28.8475,-35.8707,3.022,6.09742e+10,16.4004,False,False,nan,nan,nan,0,False,nan,41.0008
NavC_tau_m8,0.5,NavC_tm8_0.5ms_g18_2000,1e+10,300,quiescent,4,-66.8221,0.00669276,33.3383,3,-33.4839,-29.647,34.4751,-42.5306,3.022,6.09742e+10,16.4004,False,False,nan,nan,nan,0,False,nan,41.1953
NavC_tau_m8,0.2,NavC_tm8_0.2ms_g18_2000,1e+09,1,quiescent,4,-66.8228,1.5566,1.55922,6,-65.2636,-0.458064,0.903688,-3.09625,3.022,6.09742e+10,16.4004,False,False,nan,nan,nan,0,True,38.374,39.9899
NavC_tau_m8,0.2,NavC_tm8_0.2ms_g18_2000,1e+09,10,quiescent,4,-66.8227,10.7734,10.9301,6,-55.8926,-4.31131,8.20059,-21.0287,3.022,6.09742e+10,16.4004,False,False,nan,nan,nan,0,True,26.927,40.3539
NavC_tau_m8,0.2,NavC_tm8_0.2ms_g18_2000,1e+09,15,quiescent,4,-66.8227,13.8978,14.2324,6,-52.5902,-6.20401,11.5673,-26.9509,3.022,6.09742e+10,16.4004,False,False,nan,nan,nan,0,True,22.3022,40.5086
NavC_tau_m8,0.2,NavC_tm8_0.2ms_g18_2000,1e+09,20,quiescent,4,-66.8226,16.3642,16.9864,7,-49.8363,-7.93383,14.5097,-31.5969,3.022,6.09742e+10,16.4004,False,False,nan,nan,nan,0,True,17.9175,40.6381
NavC_tau_m8,0.2,NavC_tm8_0.2ms_g18_2000,1e+09,25,quiescent,4,-66.8226,18.4465,19.3459,6,-47.4767,-9.51984,17.0948,-35.0582,3.022,6.09742e+10,16.4004,False,False,nan,nan,nan,0,False,nan,40.7493
NavC_tau_m8,0.2,NavC_tm8_0.2ms_g18_2000,1e+09,30,quiescent,4,-66.8225,20.3246,20.3246,5,-46.498,-10.98,19.3813,-37.0253,3.022,6.09742e+10,16.4004,False,False,nan,nan,nan,0,False,nan,40.8465
NavC_tau_m8,0.2,NavC_tm8_0.2ms_g18_2000,1e+09,40,quiescent,4,-66.8225,0.0142129,21.08,4,-45.7425,-13.5843,23.2375,-38.6452,3.022,6.09742e+10,16.4004,False,False,nan,nan,nan,0,False,nan,41.0116
NavC_tau_m8,0.2,NavC_tm8_0.2ms_g18_2000,1e+09,50,quiescent,4,-66.8224,0.0161834,23.5276,4,-43.2948,-15.8468,26.365,-42.6234,3.022,6.09742e+10,16.4004,False,False,nan,nan,nan,0,False,nan,41.1581
NavC_tau_m8,0.2,NavC_tm8_0.2ms_g18_2000,1e+09,75,quiescent,4,-66.8222,0.0161296,20.6893,3,-46.133,-20.3928,32.0511,-38.1739,3.022,6.09742e+10,16.4004,False,False,nan,nan,nan,0,False,nan,41.4431
NavC_tau_m8,0.2,NavC_tm8_0.2ms_g18_2000,1e+09,100,quiescent,4,-66.8221,0.0183161,26.9321,3,-39.8902,-23.6963,35.8495,-49.0327,3.022,6.09742e+10,16.4004,False,False,nan,nan,nan,0,False,nan,41.6615
NavC_tau_m8,0.2,NavC_tm8_0.2ms_g18_2000,1e+09,150,quiescent,4,-66.8219,0.0192528,4.14355,3.09,-62.6793,-27.4919,40.5492,-2.1801,3.022,6.09742e+10,16.4004,False,False,nan,nan,nan,0,False,nan,42.0096
NavC_tau_m8,0.2,NavC_tm8_0.2ms_g18_2000,1e+09,200,quiescent,4,-66.8218,0.0214733,4.415,3.09,-62.4079,-29.3937,43.3401,-2.82494,3.022,6.09742e+10,16.4004,False,False,nan,nan,nan,0,False,nan,42.2898
NavC_tau_m8,0.2,NavC_tm8_0.2ms_g18_2000,1e+09,300,quiescent,4,-66.8216,0.0241815,4.66691,3.09,-62.156,-31.117,46.5745,-4.00007,3.022,6.09742e+10,16.4004,False,False,nan,nan,nan,0,False,nan,42.7191
NavC_tau_m8,0.2,NavC_tm8_0.2ms_g18_2000,1e+10,1,quiescent,4,-66.8228,0.769539,0.770384,6,-66.0524,-0.206763,0.268047,-1.02111,3.022,6.09742e+10,16.4004,False,False,nan,nan,nan,0,True,39.5833,39.9537
NavC_tau_m8,0.2,NavC_tm8_0.2ms_g18_2000,1e+10,10,quiescent,4,-66.8228,6.65682,6.67694,7,-60.1458,-2.03492,2.62375,-8.81722,3.022,6.09742e+10,16.4004,False,False,nan,nan,nan,0,True,35.1789,40.0669
NavC_tau_m8,0.2,NavC_tm8_0.2ms_g18_2000,1e+10,15,quiescent,4,-66.8228,9.28512,9.34008,7,-57.4827,-3.01758,3.87735,-12.3069,3.022,6.09742e+10,16.4004,False,False,nan,nan,nan,0,True,33.0827,40.1226
NavC_tau_m8,0.2,NavC_tm8_0.2ms_g18_2000,1e+10,20,quiescent,4,-66.8227,11.5743,11.6728,7,-55.1499,-3.97284,5.0859,-15.3377,3.022,6.09742e+10,16.4004,False,False,nan,nan,nan,0,True,31.1771,40.1739
NavC_tau_m8,0.2,NavC_tm8_0.2ms_g18_2000,1e+10,25,quiescent,4,-66.8227,13.5858,13.7421,7,-53.0806,-4.89972,6.25306,-18.0047,3.022,6.09742e+10,16.4004,False,False,nan,nan,nan,0,True,29.4334,40.2235
NavC_tau_m8,0.2,NavC_tm8_0.2ms_g18_2000,1e+10,30,quiescent,4,-66.8227,15.3679,15.5954,7,-51.2273,-5.79733,7.37608,-20.3815,3.022,6.09742e+10,16.4004,False,False,nan,nan,nan,0,True,27.8137,40.2708
NavC_tau_m8,0.2,NavC_tm8_0.2ms_g18_2000,1e+10,40,quiescent,4,-66.8227,18.4063,18.797,7,-48.0257,-7.5045,9.48661,-24.429,3.022,6.09742e+10,16.4004,False,False,nan,nan,nan,0,True,24.8568,40.3559
NavC_tau_m8,0.2,NavC_tm8_0.2ms_g18_2000,1e+10,50,quiescent,4,-66.8226,20.9203,21.5138,7,-45.3088,-9.09682,11.4371,-27.806,3.022,6.09742e+10,16.4004,False,False,nan,nan,nan,0,True,22.142,40.4303
NavC_tau_m8,0.2,NavC_tm8_0.2ms_g18_2000,1e+10,75,quiescent,4,-66.8226,25.8257,27.2705,7,-39.552,-12.646,15.6881,-34.4486,3.022,6.09742e+10,16.4004,False,False,nan,nan,nan,0,True,15.0861,40.5822
NavC_tau_m8,0.2,NavC_tm8_0.2ms_g18_2000,1e+10,100,quiescent,4,-66.8225,29.7479,29.7479,5,-37.0746,-15.6719,19.2255,-37.8245,3.022,6.09742e+10,16.4004,False,False,nan,nan,nan,0,False,nan,40.6999
NavC_tau_m8,0.2,NavC_tm8_0.2ms_g18_2000,1e+10,150,quiescent,4,-66.8224,0.00586548,32.3041,4,-34.5183,-20.5639,24.7451,-41.1485,3.022,6.09742e+10,16.4004,False,False,nan,nan,nan,0,False,nan,40.8742
NavC_tau_m8,0.2,NavC_tm8_0.2ms_g18_2000,1e+10,200,quiescent,4,-66.8223,0.00551719,27.5194,3,-39.3029,-24.3291,28.8475,-35.8707,3.022,6.09742e+10,16.4004,False,False,nan,nan,nan,0,False,nan,41.0008
NavC_tau_m8,0.2,NavC_tm8_0.2ms_g18_2000,1e+10,300,quiescent,4,-66.8221,0.00669313,33.3394,3,-33.4828,-29.647,34.4751,-42.5306,3.022,6.09742e+10,16.4004,False,False,nan,nan,nan,0,False,nan,41.1953
NavC_tau_m8,0.1,NavC_tm8_0.1ms_g18_2000,1e+09,1,quiescent,4,-66.8228,1.5566,1.55922,6,-65.2636,-0.458064,0.903688,-3.09625,3.022,6.09742e+10,16.4004,False,False,nan,nan,nan,0,True,38.374,39.9899
NavC_tau_m8,0.1,NavC_tm8_0.1ms_g18_2000,1e+09,10,quiescent,4,-66.8227,10.7734,10.9301,6,-55.8926,-4.31131,8.20059,-21.0287,3.022,6.09742e+10,16.4004,False,False,nan,nan,nan,0,True,26.927,40.3539
NavC_tau_m8,0.1,NavC_tm8_0.1ms_g18_2000,1e+09,15,quiescent,4,-66.8227,13.8978,14.2324,6,-52.5902,-6.20401,11.5673,-26.9509,3.022,6.09742e+10,16.4004,False,False,nan,nan,nan,0,True,22.3022,40.5086
NavC_tau_m8,0.1,NavC_tm8_0.1ms_g18_2000,1e+09,20,quiescent,4,-66.8226,16.3642,16.9864,7,-49.8363,-7.93383,14.5097,-31.5969,3.022,6.09742e+10,16.4004,False,False,nan,nan,nan,0,True,17.9175,40.6381
NavC_tau_m8,0.1,NavC_tm8_0.1ms_g18_2000,1e+09,25,quiescent,4,-66.8226,18.4465,19.3459,6,-47.4767,-9.51984,17.0948,-35.0582,3.022,6.09742e+10,16.4004,False,False,nan,nan,nan,0,False,nan,40.7493
NavC_tau_m8,0.1,NavC_tm8_0.1ms_g18_2000,1e+09,30,quiescent,4,-66.8225,20.3246,20.3246,5,-46.4979,-10.98,19.3813,-37.0253,3.022,6.09742e+10,16.4004,False,False,nan,nan,nan,0,False,nan,40.8465
NavC_tau_m8,0.1,NavC_tm8_0.1ms_g18_2000,1e+09,40,quiescent,4,-66.8225,0.0142144,21.08,4,-45.7424,-13.5843,23.2375,-38.6452,3.022,6.09742e+10,16.4004,False,False,nan,nan,nan,0,False,nan,41.0116
NavC_tau_m8,0.1,NavC_tm8_0.1ms_g18_2000,1e+09,50,quiescent,4,-66.8224,0.0161877,23.5278,4,-43.2946,-15.8468,26.365,-42.6234,3.022,6.09742e+10,16.4004,False,False,nan,nan,nan,0,False,nan,41.1581
NavC_tau_m8,0.1,NavC_tm8_0.1ms_g18_2000,1e+09,75,quiescent,4,-66.8222,0.0161297,20.6894,3,-46.1329,-20.3928,32.0511,-38.1739,3.022,6.09742e+10,16.4004,False,False,nan,nan,nan,0,False,nan,41.4431
NavC_tau_m8,0.1,NavC_tm8_0.1ms_g18_2000,1e+09,100,quiescent,4,-66.8221,0.0183162,26.9335,3,-39.8888,-23.6963,35.8495,-49.0327,3.022,6.09742e+10,16.4004,False,False,nan,nan,nan,0,False,nan,41.6615
NavC_tau_m8,0.1,NavC_tm8_0.1ms_g18_2000,1e+09,150,quiescent,4,-66.8219,0.0192529,4.14355,3.09,-62.6793,-27.4919,40.5492,-2.1801,3.022,6.09742e+10,16.4004,False,False,nan,nan,nan,0,False,nan,42.0096
NavC_tau_m8,0.1,NavC_tm8_0.1ms_g18_2000,1e+09,200,quiescent,4,-66.8218,0.0214733,4.415,3.09,-62.4079,-29.3937,43.3401,-2.82494,3.022,6.09742e+10,16.4004,False,False,nan,nan,nan,0,False,nan,42.2898
NavC_tau_m8,0.1,NavC_tm8_0.1ms_g18_2000,1e+09,300,quiescent,4,-66.8216,0.0241815,4.66691,3.09,-62.156,-31.117,46.5745,-4.00007,3.022,6.09742e+10,16.4004,False,False,nan,nan,nan,0,False,nan,42.7191
NavC_tau_m8,0.1,NavC_tm8_0.1ms_g18_2000,1e+10,1,quiescent,4,-66.8228,0.769539,0.770384,6,-66.0524,-0.206763,0.268047,-1.02111,3.022,6.09742e+10,16.4004,False,False,nan,nan,nan,0,True,39.5833,39.9537
NavC_tau_m8,0.1,NavC_tm8_0.1ms_g18_2000,1e+10,10,quiescent,4,-66.8228,6.65682,6.67694,7,-60.1458,-2.03492,2.62375,-8.81722,3.022,6.09742e+10,16.4004,False,False,nan,nan,nan,0,True,35.1789,40.0669
NavC_tau_m8,0.1,NavC_tm8_0.1ms_g18_2000,1e+10,15,quiescent,4,-66.8228,9.28512,9.34008,7,-57.4827,-3.01758,3.87735,-12.3069,3.022,6.09742e+10,16.4004,False,False,nan,nan,nan,0,True,33.0827,40.1226
NavC_tau_m8,0.1,NavC_tm8_0.1ms_g18_2000,1e+10,20,quiescent,4,-66.8227,11.5743,11.6728,7,-55.1499,-3.97284,5.0859,-15.3377,3.022,6.09742e+10,16.4004,False,False,nan,nan,nan,0,True,31.1771,40.1739
NavC_tau_m8,0.1,NavC_tm8_0.1ms_g18_2000,1e+10,25,quiescent,4,-66.8227,13.5858,13.7421,7,-53.0806,-4.89972,6.25306,-18.0047,3.022,6.09742e+10,16.4004,False,False,nan,nan,nan,0,True,29.4334,40.2235
NavC_tau_m8,0.1,NavC_tm8_0.1ms_g18_2000,1e+10,30,quiescent,4,-66.8227,15.3679,15.5954,7,-51.2273,-5.79733,7.37608,-20.3815,3.022,6.09742e+10,16.4004,False,False,nan,nan,nan,0,True,27.8137,40.2708
NavC_tau_m8,0.1,NavC_tm8_0.1ms_g18_2000,1e+10,40,quiescent,4,-66.8227,18.4063,18.797,7,-48.0257,-7.5045,9.48661,-24.429,3.022,6.09742e+10,16.4004,False,False,nan,nan,nan,0,True,24.8568,40.3559
NavC_tau_m8,0.1,NavC_tm8_0.1ms_g18_2000,1e+10,50,quiescent,4,-66.8226,20.9203,21.5138,7,-45.3088,-9.09682,11.4371,-27.806,3.022,6.09742e+10,16.4004,False,False,nan,nan,nan,0,True,22.142,40.4303
NavC_tau_m8,0.1,NavC_tm8_0.1ms_g18_2000,1e+10,75,quiescent,4,-66.8226,25.8258,27.2707,7,-39.5519,-12.646,15.6881,-34.4486,3.022,6.09742e+10,16.4004,False,False,nan,nan,nan,0,True,15.0861,40.5822
NavC_tau_m8,0.1,NavC_tm8_0.1ms_g18_2000,1e+10,100,quiescent,4,-66.8225,29.7482,29.7482,5,-37.0743,-15.6719,19.2255,-37.8245,3.022,6.09742e+10,16.4004,False,False,nan,nan,nan,0,False,nan,40.6999
NavC_tau_m8,0.1,NavC_tm8_0.1ms_g18_2000,1e+10,150,quiescent,4,-66.8224,0.00594195,32.3056,4,-34.5167,-20.5639,24.7451,-41.1485,3.022,6.09742e+10,16.4004,False,False,nan,nan,nan,0,False,nan,40.8742
NavC_tau_m8,0.1,NavC_tm8_0.1ms_g18_2000,1e+10,200,quiescent,4,-66.8223,0.00551724,27.5197,3,-39.3027,-24.3291,28.8475,-35.8707,3.022,6.09742e+10,16.4004,False,False,nan,nan,nan,0,False,nan,41.0008
NavC_tau_m8,0.1,NavC_tm8_0.1ms_g18_2000,1e+10,300,quiescent,4,-66.8221,0.00669364,33.3462,3,-33.476,-29.647,34.4751,-42.5306,3.022,6.09742e+10,16.4004,False,False,nan,nan,nan,0,False,nan,41.1953
NavC_tau_m8,0.05,NavC_tm8_0.05ms_g18_2000,1e+09,1,quiescent,4,-66.8228,1.5566,1.55922,6,-65.2636,-0.458064,0.903688,-3.09625,3.022,6.09742e+10,16.4004,False,False,nan,nan,nan,0,True,38.374,39.9899
NavC_tau_m8,0.05,NavC_tm8_0.05ms_g18_2000,1e+09,10,quiescent,4,-66.8227,10.7734,10.9301,6,-55.8926,-4.31131,8.20059,-21.0287,3.022,6.09742e+10,16.4004,False,False,nan,nan,nan,0,True,26.927,40.3539
NavC_tau_m8,0.05,NavC_tm8_0.05ms_g18_2000,1e+09,15,quiescent,4,-66.8227,13.8978,14.2324,6,-52.5902,-6.20401,11.5673,-26.9509,3.022,6.09742e+10,16.4004,False,False,nan,nan,nan,0,True,22.3022,40.5086
NavC_tau_m8,0.05,NavC_tm8_0.05ms_g18_2000,1e+09,20,quiescent,4,-66.8226,16.3642,16.9864,7,-49.8362,-7.93383,14.5097,-31.5969,3.022,6.09742e+10,16.4004,False,False,nan,nan,nan,0,True,17.9175,40.6381
NavC_tau_m8,0.05,NavC_tm8_0.05ms_g18_2000,1e+09,25,quiescent,4,-66.8226,18.4465,19.346,6,-47.4765,-9.51984,17.0948,-35.0582,3.022,6.09742e+10,16.4004,False,False,nan,nan,nan,0,False,nan,40.7493
NavC_tau_m8,0.05,NavC_tm8_0.05ms_g18_2000,1e+09,30,quiescent,4,-66.8225,20.3248,20.3248,5,-46.4978,-10.98,19.3813,-37.0253,3.022,6.09742e+10,16.4004,False,False,nan,nan,nan,0,False,nan,40.8465
NavC_tau_m8,0.05,NavC_tm8_0.05ms_g18_2000,1e+09,40,quiescent,4,-66.8225,0.0142167,21.0804,4,-45.7421,-13.5843,23.2375,-38.6452,3.022,6.09742e+10,16.4004,False,False,nan,nan,nan,0,False,nan,41.0116
NavC_tau_m8,0.05,NavC_tm8_0.05ms_g18_2000,1e+09,50,quiescent,4,-66.8224,0.0161947,23.5289,4,-43.2935,-15.8468,26.365,-42.6234,3.022,6.09742e+10,16.4004,False,False,nan,nan,nan,0,False,nan,41.1581
NavC_tau_m8,0.05,NavC_tm8_0.05ms_g18_2000,1e+09,75,quiescent,4,-66.8222,0.0161297,20.6901,3,-46.1322,-20.3928,32.0511,-38.1739,3.022,6.09742e+10,16.4004,False,False,nan,nan,nan,0,False,nan,41.4431
NavC_tau_m8,0.05,NavC_tm8_0.05ms_g18_2000,1e+09,100,quiescent,4,-66.8221,0.0183163,26.9405,3,-39.8818,-23.6963,35.8495,-49.0327,3.022,6.09742e+10,16.4004,False,False,nan,nan,nan,0,False,nan,41.6615
NavC_tau_m8,0.05,NavC_tm8_0.05ms_g18_2000,1e+09,150,quiescent,4,-66.8219,0.0192529,4.14356,3.09,-62.6793,-27.4919,40.5492,-2.1801,3.022,6.09742e+10,16.4004,False,False,nan,nan,nan,0,False,nan,42.0096
NavC_tau_m8,0.05,NavC_tm8_0.05ms_g18_2000,1e+09,200,quiescent,4,-66.8218,0.0214733,4.41501,3.09,-62.4079,-29.3937,43.3401,-2.82494,3.022,6.09742e+10,16.4004,False,False,nan,nan,nan,0,False,nan,42.2898
NavC_tau_m8,0.05,NavC_tm8_0.05ms_g18_2000,1e+09,300,quiescent,4,-66.8216,0.0241815,4.66692,3.09,-62.156,-31.117,46.5745,-4.00007,3.022,6.09742e+10,16.4004,False,False,nan,nan,nan,0,False,nan,42.7191
NavC_tau_m8,0.05,NavC_tm8_0.05ms_g18_2000,1e+10,1,quiescent,4,-66.8228,0.769539,0.770384,6,-66.0524,-0.206763,0.268047,-1.02111,3.022,6.09742e+10,16.4004,False,False,nan,nan,nan,0,True,39.5833,39.9537
NavC_tau_m8,0.05,NavC_tm8_0.05ms_g18_2000,1e+10,10,quiescent,4,-66.8228,6.65682,6.67694,7,-60.1458,-2.03492,2.62375,-8.81722,3.022,6.09742e+10,16.4004,False,False,nan,nan,nan,0,True,35.1789,40.0669
NavC_tau_m8,0.05,NavC_tm8_0.05ms_g18_2000,1e+10,15,quiescent,4,-66.8228,9.28512,9.34008,7,-57.4827,-3.01758,3.87735,-12.3069,3.022,6.09742e+10,16.4004,False,False,nan,nan,nan,0,True,33.0827,40.1226
NavC_tau_m8,0.05,NavC_tm8_0.05ms_g18_2000,1e+10,20,quiescent,4,-66.8227,11.5743,11.6728,7,-55.1499,-3.97284,5.0859,-15.3377,3.022,6.09742e+10,16.4004,False,False,nan,nan,nan,0,True,31.1771,40.1739
NavC_tau_m8,0.05,NavC_tm8_0.05ms_g18_2000,1e+10,25,quiescent,4,-66.8227,13.5858,13.7421,7,-53.0806,-4.89972,6.25306,-18.0047,3.022,6.09742e+10,16.4004,False,False,nan,nan,nan,0,True,29.4334,40.2235
NavC_tau_m8,0.05,NavC_tm8_0.05ms_g18_2000,1e+10,30,quiescent,4,-66.8227,15.3679,15.5954,7,-51.2273,-5.79733,7.37608,-20.3815,3.022,6.09742e+10,16.4004,False,False,nan,nan,nan,0,True,27.8137,40.2708
NavC_tau_m8,0.05,NavC_tm8_0.05ms_g18_2000,1e+10,40,quiescent,4,-66.8227,18.4063,18.797,7,-48.0257,-7.5045,9.48661,-24.429,3.022,6.09742e+10,16.4004,False,False,nan,nan,nan,0,True,24.8568,40.3559
NavC_tau_m8,0.05,NavC_tm8_0.05ms_g18_2000,1e+10,50,quiescent,4,-66.8226,20.9204,21.5138,7,-45.3088,-9.09682,11.4371,-27.806,3.022,6.09742e+10,16.4004,False,False,nan,nan,nan,0,True,22.142,40.4303
NavC_tau_m8,0.05,NavC_tm8_0.05ms_g18_2000,1e+10,75,quiescent,4,-66.8226,25.8261,27.2714,7,-39.5511,-12.646,15.6881,-34.4486,3.022,6.09742e+10,16.4004,False,False,nan,nan,nan,0,True,15.086,40.5822
NavC_tau_m8,0.05,NavC_tm8_0.05ms_g18_2000,1e+10,100,quiescent,4,-66.8225,29.7503,29.7503,5,-37.0722,-15.6719,19.2255,-37.8245,3.022,6.09742e+10,16.4004,False,False,nan,nan,nan,0,False,nan,40.6999
NavC_tau_m8,0.05,NavC_tm8_0.05ms_g18_2000,1e+10,150,quiescent,4,-66.8224,0.00611087,32.315,4,-34.5074,-20.5639,24.7451,-41.1485,3.022,6.09742e+10,16.4004,False,False,nan,nan,nan,0,False,nan,40.8742
NavC_tau_m8,0.05,NavC_tm8_0.05ms_g18_2000,1e+10,200,quiescent,4,-66.8223,0.00551731,27.5213,3,-39.3011,-24.3291,28.8475,-35.8707,3.022,6.09742e+10,16.4004,False,False,nan,nan,nan,0,False,nan,41.0008
NavC_tau_m8,0.05,NavC_tm8_0.05ms_g18_2000,1e+10,300,quiescent,4,-66.8221,0.00669474,33.3867,3,-33.4355,-29.647,34.4751,-42.5306,3.022,6.09742e+10,16.4004,False,False,nan,nan,nan,0,False,nan,41.1953
NavC_speed,2,NavC_tm8_0.75ms_g18_4000,1e+09,1,quiescent,4,-66.8228,1.55271,1.55535,6,-65.2675,-0.455865,0.903603,-3.09615,3.022,6.09742e+10,16.4004,False,False,nan,nan,nan,0,True,38.3741,39.9899
NavC_speed,2,NavC_tm8_0.75ms_g18_4000,1e+09,10,quiescent,4,-66.8227,10.7453,10.9007,6,-55.922,-4.28956,8.19993,-21.0281,3.022,6.09742e+10,16.4004,False,False,nan,nan,nan,0,True,26.9282,40.3539
NavC_speed,2,NavC_tm8_0.75ms_g18_4000,1e+09,15,quiescent,4,-66.8227,13.8615,14.1966,6,-52.626,-6.1717,11.5664,-26.9504,3.022,6.09742e+10,16.4004,False,False,nan,nan,nan,0,True,22.3038,40.5086
NavC_speed,2,NavC_tm8_0.75ms_g18_4000,1e+09,20,quiescent,4,-66.8226,16.323,16.9606,7,-49.862,-7.89101,14.5086,-31.5953,3.022,6.09742e+10,16.4004,False,False,nan,nan,nan,0,True,17.9203,40.6381
NavC_speed,2,NavC_tm8_0.75ms_g18_4000,1e+09,25,quiescent,4,-66.8226,18.4045,19.3078,6,-47.5148,-9.46651,17.0937,-35.0578,3.022,6.09742e+10,16.4004,False,False,nan,nan,nan,0,False,nan,40.7492
NavC_speed,2,NavC_tm8_0.75ms_g18_4000,1e+09,30,quiescent,4,-66.8226,20.2858,20.2858,5,-46.5367,-10.9161,19.38,-37.0252,3.022,6.09742e+10,16.4004,False,False,nan,nan,nan,0,False,nan,40.8465
NavC_speed,2,NavC_tm8_0.75ms_g18_4000,1e+09,40,quiescent,4,-66.8225,0.0356556,21.04,4,-45.7825,-13.4992,23.2361,-38.6451,3.022,6.09742e+10,16.4004,False,False,nan,nan,nan,0,False,nan,41.0115
NavC_speed,2,NavC_tm8_0.75ms_g18_4000,1e+09,50,quiescent,4,-66.8224,0.0407177,23.5041,4,-43.3183,-15.7405,26.3635,-42.6223,3.022,6.09742e+10,16.4004,False,False,nan,nan,nan,0,False,nan,41.1581
NavC_speed,2,NavC_tm8_0.75ms_g18_4000,1e+09,75,quiescent,4,-66.8223,0.0401308,20.6691,3,-46.1532,-20.2324,32.0495,-38.1732,3.022,6.09742e+10,16.4004,False,False,nan,nan,nan,0,False,nan,41.4431
NavC_speed,2,NavC_tm8_0.75ms_g18_4000,1e+09,100,quiescent,4,-66.8222,0.0455577,26.9654,3,-39.8568,-23.4824,35.848,-49.0029,3.022,6.09742e+10,16.4004,False,False,nan,nan,nan,0,False,nan,41.6615
NavC_speed,2,NavC_tm8_0.75ms_g18_4000,1e+09,150,quiescent,4,-66.822,0.0479927,4.08496,3.085,-62.7379,-27.2179,40.548,-2.18092,3.022,6.09742e+10,16.4004,False,False,nan,nan,nan,0,False,nan,42.0096
NavC_speed,2,NavC_tm8_0.75ms_g18_4000,1e+09,200,quiescent,4,-66.8219,0.0536504,4.34929,3.085,-62.4736,-29.0954,43.3391,-2.82595,3.022,6.09742e+10,16.4004,False,False,nan,nan,nan,0,False,nan,42.2898
NavC_speed,2,NavC_tm8_0.75ms_g18_4000,1e+09,300,quiescent,4,-66.8217,0.0605618,4.59672,3.085,-62.2262,-30.7974,46.5739,-4.00147,3.022,6.09742e+10,16.4004,False,False,nan,nan,nan,0,False,nan,42.7191
NavC_speed,2,NavC_tm8_0.75ms_g18_4000,1e+10,1,quiescent,4,-66.8228,0.76851,0.769375,6,-66.0534,-0.206264,0.268037,-1.02108,3.022,6.09742e+10,16.4004,False,False,nan,nan,nan,0,True,39.5833,39.9537
NavC_speed,2,NavC_tm8_0.75ms_g18_4000,1e+10,10,quiescent,4,-66.8228,6.64822,6.66854,7,-60.1542,-2.02995,2.62365,-8.817,3.022,6.09742e+10,16.4004,False,False,nan,nan,nan,0,True,35.1791,40.0669
NavC_speed,2,NavC_tm8_0.75ms_g18_4000,1e+10,15,quiescent,4,-66.8228,9.27297,9.32818,7,-57.4946,-3.01016,3.87721,-12.3066,3.022,6.09742e+10,16.4004,False,False,nan,nan,nan,0,True,33.0829,40.1226
NavC_speed,2,NavC_tm8_0.75ms_g18_4000,1e+10,20,quiescent,4,-66.8228,11.56,11.658,7,-55.1648,-3.96326,5.08573,-15.3374,3.022,6.09742e+10,16.4004,False,False,nan,nan,nan,0,True,31.1773,40.1739
NavC_speed,2,NavC_tm8_0.75ms_g18_4000,1e+10,25,quiescent,4,-66.8227,13.5688,13.7251,7,-53.0976,-4.88779,6.25286,-18.0043,3.022,6.09742e+10,16.4004,False,False,nan,nan,nan,0,True,29.4338,40.2235
NavC_speed,2,NavC_tm8_0.75ms_g18_4000,1e+10,30,quiescent,4,-66.8227,15.3486,15.577,7,-51.2457,-5.78305,7.37584,-20.3811,3.022,6.09742e+10,16.4004,False,False,nan,nan,nan,0,True,27.8141,40.2708
NavC_speed,2,NavC_tm8_0.75ms_g18_4000,1e+10,40,quiescent,4,-66.8227,18.3847,18.7758,7,-48.0469,-7.48559,9.48631,-24.4285,3.022,6.09742e+10,16.4004,False,False,nan,nan,nan,0,True,24.8572,40.3559
NavC_speed,2,NavC_tm8_0.75ms_g18_4000,1e+10,50,quiescent,4,-66.8227,20.8963,21.4902,7,-45.3325,-9.0733,11.4368,-27.8056,3.022,6.09742e+10,16.4004,False,False,nan,nan,nan,0,True,22.1426,40.4303
NavC_speed,2,NavC_tm8_0.75ms_g18_4000,1e+10,75,quiescent,4,-66.8226,25.7975,27.2417,7,-39.5809,-12.6119,15.6877,-34.4478,3.022,6.09742e+10,16.4004,False,False,nan,nan,nan,0,True,15.0874,40.5822
NavC_speed,2,NavC_tm8_0.75ms_g18_4000,1e+10,100,quiescent,4,-66.8225,29.7209,29.7209,5,-37.1016,-15.6283,19.225,-37.8242,3.022,6.09742e+10,16.4004,False,False,nan,nan,nan,0,False,nan,40.6999
NavC_speed,2,NavC_tm8_0.75ms_g18_4000,1e+10,150,quiescent,4,-66.8224,0.0155956,32.2807,4,-34.5417,-20.5018,24.7446,-41.148,3.022,6.09742e+10,16.4004,False,False,nan,nan,nan,0,False,nan,40.8741
NavC_speed,2,NavC_tm8_0.75ms_g18_4000,1e+10,200,quiescent,4,-66.8223,0.0144946,27.5128,3,-39.3095,-24.2505,28.847,-35.8706,3.022,6.09742e+10,16.4004,False,False,nan,nan,nan,0,False,nan,41.0008
NavC_speed,2,NavC_tm8_0.75ms_g18_4000,1e+10,300,quiescent,4,-66.8221,0.0175822,33.3397,3,-33.4825,-29.5412,34.4746,-42.529,3.022,6.09742e+10,16.4004,False,False,nan,nan,nan,0,False,nan,41.1953
NavC_speed,5,NavC_tm8_0.3ms_g18_10000,1e+09,1,quiescent,4,-66.8228,1.54185,1.54459,6,-65.2782,-0.449609,0.903361,-3.09588,3.022,6.09742e+10,16.4004,False,False,nan,nan,nan,0,True,38.3745,39.9899
NavC_speed,5,NavC_tm8_0.3ms_g18_10000,1e+09,10,quiescent,4,-66.8227,10.6662,10.821,6,-56.0017,-4.22773,8.19806,-21.0267,3.022,6.09742e+10,16.4004,False,False,nan,nan,nan,0,True,26.9315,40.3539
NavC_speed,5,NavC_tm8_0.3ms_g18_10000,1e+09,15,quiescent,4,-66.8227,13.7621,14.095,6,-52.7277,-6.07991,11.5639,-26.9492,3.022,6.09742e+10,16.4004,False,False,nan,nan,nan,0,True,22.3085,40.5085
NavC_speed,5,NavC_tm8_0.3ms_g18_10000,1e+09,20,quiescent,4,-66.8227,16.2107,16.8895,7,-49.9331,-7.76944,14.5056,-31.5912,3.022,6.09742e+10,16.4004,False,False,nan,nan,nan,0,True,17.9285,40.638
NavC_speed,5,NavC_tm8_0.3ms_g18_10000,1e+09,25,quiescent,4,-66.8226,18.2882,19.1995,6,-47.6232,-9.31518,17.0903,-35.0558,3.022,6.09742e+10,16.4004,False,False,nan,nan,nan,0,False,nan,40.7492
NavC_speed,5,NavC_tm8_0.3ms_g18_10000,1e+09,30,quiescent,4,-66.8226,20.1759,20.1759,5,-46.6467,-10.7351,19.3764,-37.0244,3.022,6.09742e+10,16.4004,False,False,nan,nan,nan,0,False,nan,40.8464
NavC_speed,5,NavC_tm8_0.3ms_g18_10000,1e+09,40,quiescent,4,-66.8225,0.109348,20.9297,4,-45.8928,-13.2587,23.2322,-38.6449,3.022,6.09742e+10,16.4004,False,False,nan,nan,nan,0,False,nan,41.0114
NavC_speed,5,NavC_tm8_0.3ms_g18_10000,1e+09,50,quiescent,4,-66.8225,0.124151,23.4341,4,-43.3883,-15.443,26.3592,-42.6186,3.022,6.09742e+10,16.4004,False,False,nan,nan,nan,0,False,nan,41.158
NavC_speed,5,NavC_tm8_0.3ms_g18_10000,1e+09,75,quiescent,4,-66.8223,0.117834,20.6103,3,-46.2121,-19.7892,32.045,-38.1715,3.022,6.09742e+10,16.4004,False,False,nan,nan,nan,0,False,nan,41.443
NavC_speed,5,NavC_tm8_0.3ms_g18_10000,1e+09,100,quiescent,4,-66.8222,0.131584,27.0346,3,-39.7877,-22.9023,35.8438,-48.9083,3.022,6.09742e+10,16.4004,False,False,nan,nan,nan,0,False,nan,41.6614
NavC_speed,5,NavC_tm8_0.3ms_g18_10000,1e+09,150,quiescent,4,-66.8221,0.138345,3.91813,3.085,-62.9048,-26.4888,40.5444,-2.18311,3.022,6.09742e+10,16.4004,False,False,nan,nan,nan,0,False,nan,42.0096
NavC_speed,5,NavC_tm8_0.3ms_g18_10000,1e+09,200,quiescent,4,-66.822,0.152812,4.169,3.085,-62.6539,-28.3076,43.3362,-2.82867,3.022,6.09742e+10,16.4004,False,False,nan,nan,nan,0,False,nan,42.2898
NavC_speed,5,NavC_tm8_0.3ms_g18_10000,1e+09,300,quiescent,4,-66.8218,0.168999,4.40203,3.085,-62.4209,-29.9599,46.5719,-4.00519,3.022,6.09742e+10,16.4004,False,False,nan,nan,nan,0,False,nan,42.7191
NavC_speed,5,NavC_tm8_0.3ms_g18_10000,1e+10,1,quiescent,4,-66.8228,0.765645,0.766569,6,-66.0563,-0.204829,0.268009,-1.021,3.022,6.09742e+10,16.4004,False,False,nan,nan,nan,0,True,39.5833,39.9537
NavC_speed,5,NavC_tm8_0.3ms_g18_10000,1e+10,10,quiescent,4,-66.8228,6.62426,6.64521,7,-60.1776,-2.01592,2.62338,-8.81639,3.022,6.09742e+10,16.4004,False,False,nan,nan,nan,0,True,35.1796,40.0669
NavC_speed,5,NavC_tm8_0.3ms_g18_10000,1e+10,15,quiescent,4,-66.8228,9.24039,9.29499,7,-57.5278,-2.98943,3.87682,-12.3059,3.022,6.09742e+10,16.4004,False,False,nan,nan,nan,0,True,33.0836,40.1226
NavC_speed,5,NavC_tm8_0.3ms_g18_10000,1e+10,20,quiescent,4,-66.8228,11.5201,11.6179,7,-55.2049,-3.93578,5.08522,-15.3364,3.022,6.09742e+10,16.4004,False,False,nan,nan,nan,0,True,31.1781,40.1739
NavC_speed,5,NavC_tm8_0.3ms_g18_10000,1e+10,25,quiescent,4,-66.8227,13.5214,13.6774,7,-53.1453,-4.85358,6.25227,-18.0032,3.022,6.09742e+10,16.4004,False,False,nan,nan,nan,0,True,29.4347,40.2235
NavC_speed,5,NavC_tm8_0.3ms_g18_10000,1e+10,30,quiescent,4,-66.8227,15.2963,15.5256,7,-51.2971,-5.74215,7.37515,-20.38,3.022,6.09742e+10,16.4004,False,False,nan,nan,nan,0,True,27.8151,40.2708
NavC_speed,5,NavC_tm8_0.3ms_g18_10000,1e+10,40,quiescent,4,-66.8227,18.3243,18.7168,7,-48.1059,-7.43141,9.48544,-24.427,3.022,6.09742e+10,16.4004,False,False,nan,nan,nan,0,True,24.8586,40.3559
NavC_speed,5,NavC_tm8_0.3ms_g18_10000,1e+10,50,quiescent,4,-66.8227,20.8291,21.4241,7,-45.3986,-9.00601,11.4358,-27.8044,3.022,6.09742e+10,16.4004,False,False,nan,nan,nan,0,True,22.1442,40.4303
NavC_speed,5,NavC_tm8_0.3ms_g18_10000,1e+10,75,quiescent,4,-66.8226,25.7238,27.1673,7,-39.6553,-12.5147,15.6864,-34.4454,3.022,6.09742e+10,16.4004,False,False,nan,nan,nan,0,True,15.0913,40.5821
NavC_speed,5,NavC_tm8_0.3ms_g18_10000,1e+10,100,quiescent,4,-66.8225,29.6452,29.6452,5,-37.1773,-15.5055,19.2236,-37.8231,3.022,6.09742e+10,16.4004,False,False,nan,nan,nan,0,False,nan,40.6998
NavC_speed,5,NavC_tm8_0.3ms_g18_10000,1e+10,150,quiescent,4,-66.8224,0.0526215,32.2205,4,-34.602,-20.3266,24.743,-41.1464,3.022,6.09742e+10,16.4004,False,False,nan,nan,nan,0,False,nan,40.8741
NavC_speed,5,NavC_tm8_0.3ms_g18_10000,1e+10,200,quiescent,4,-66.8223,0.0472375,27.4945,3,-39.3279,-24.0306,28.8453,-35.8704,3.022,6.09742e+10,16.4004,False,False,nan,nan,nan,0,False,nan,41.0008
NavC_speed,5,NavC_tm8_0.3ms_g18_10000,1e+10,300,quiescent,4,-66.8221,0.0561825,33.3437,3,-33.4785,-29.2503,34.473,-42.5246,3.022,6.09742e+10,16.4004,False,False,nan,nan,nan,0,False,nan,41.1953
NavC_speed,10,NavC_tm8_0.15ms_g18_20000,1e+09,1,quiescent,4,-66.8228,1.52351,1.5264,6,-65.2964,-0.439525,0.902964,-3.09544,3.022,6.09742e+10,16.4004,False,False,nan,nan,nan,0,True,38.3752,39.9899
NavC_speed,10,NavC_tm8_0.15ms_g18_20000,1e+09,10,quiescent,4,-66.8227,10.5378,10.6892,6,-56.1336,-4.12884,8.19502,-21.0241,3.022,6.09742e+10,16.4004,False,False,nan,nan,nan,0,True,26.937,40.3537
NavC_speed,10,NavC_tm8_0.15ms_g18_20000,1e+09,15,quiescent,4,-66.8227,13.5975,13.9316,7,-52.8911,-5.93373,11.5597,-26.9467,3.022,6.09742e+10,16.4004,False,False,nan,nan,nan,0,True,22.3171,40.5084
NavC_speed,10,NavC_tm8_0.15ms_g18_20000,1e+09,20,quiescent,4,-66.8227,16.0247,16.751,7,-50.0717,-7.57668,14.5007,-31.5929,3.022,6.09742e+10,16.4004,False,False,nan,nan,nan,0,True,17.9416,40.6379
NavC_speed,10,NavC_tm8_0.15ms_g18_20000,1e+09,25,quiescent,4,-66.8226,18.0911,19.0025,6,-47.8202,-9.07636,17.0848,-35.0502,3.022,6.09742e+10,16.4004,False,False,nan,nan,nan,0,False,nan,40.749
NavC_speed,10,NavC_tm8_0.15ms_g18_20000,1e+09,30,quiescent,4,-66.8226,19.9809,19.9809,5,-46.8417,-10.4506,19.3704,-37.022,3.022,6.09742e+10,16.4004,False,False,nan,nan,nan,0,False,nan,40.8463
NavC_speed,10,NavC_tm8_0.15ms_g18_20000,1e+09,40,quiescent,4,-66.8226,0.199028,20.7398,4,-46.0828,-12.8904,23.2258,-38.644,3.022,6.09742e+10,16.4004,False,False,nan,nan,nan,0,False,nan,41.0113
NavC_speed,10,NavC_tm8_0.15ms_g18_20000,1e+09,50,quiescent,4,-66.8225,0.222877,23.2861,4,-43.5365,-14.9902,26.3522,-42.6103,3.022,6.09742e+10,16.4004,False,False,nan,nan,nan,0,False,nan,41.1579
NavC_speed,10,NavC_tm8_0.15ms_g18_20000,1e+09,75,quiescent,4,-66.8224,0.203567,20.4936,3,-46.3288,-19.1327,32.0378,-38.1701,3.022,6.09742e+10,16.4004,False,False,nan,nan,nan,0,False,nan,41.4429
NavC_speed,10,NavC_tm8_0.15ms_g18_20000,1e+09,100,quiescent,4,-66.8223,0.216426,27.0456,3,-39.7768,-22.0716,35.8371,-48.7807,3.022,6.09742e+10,16.4004,False,False,nan,nan,nan,0,False,nan,41.6614
NavC_speed,10,NavC_tm8_0.15ms_g18_20000,1e+09,150,quiescent,4,-66.8222,0.225399,3.65853,3.08,-63.1644,-25.4789,40.5389,-2.18593,3.022,6.09742e+10,16.4004,False,False,nan,nan,nan,0,False,nan,42.0095
NavC_speed,10,NavC_tm8_0.15ms_g18_20000,1e+09,200,quiescent,4,-66.8221,0.241702,3.88463,3.08,-62.9383,-27.2286,43.3316,-2.83218,3.022,6.09742e+10,16.4004,False,False,nan,nan,nan,0,False,nan,42.2897
NavC_speed,10,NavC_tm8_0.15ms_g18_20000,1e+09,300,quiescent,4,-66.8219,0.254998,4.09356,3.08,-62.7294,-28.8279,46.5689,-4.00999,3.022,6.09742e+10,16.4004,False,False,nan,nan,nan,0,False,nan,42.7191
NavC_speed,10,NavC_tm8_0.15ms_g18_20000,1e+10,1,quiescent,4,-66.8228,0.760865,0.761887,6,-66.0609,-0.202474,0.267961,-1.02088,3.022,6.09742e+10,16.4004,False,False,nan,nan,nan,0,True,39.5834,39.9537
NavC_speed,10,NavC_tm8_0.15ms_g18_20000,1e+10,10,quiescent,4,-66.8228,6.58411,6.60606,7,-60.2167,-1.9933,2.62293,-8.81538,3.022,6.09742e+10,16.4004,False,False,nan,nan,nan,0,True,35.1804,40.0669
NavC_speed,10,NavC_tm8_0.15ms_g18_20000,1e+10,15,quiescent,4,-66.8228,9.18758,9.24041,7,-57.5824,-2.95572,3.87616,-12.3046,3.022,6.09742e+10,16.4004,False,False,nan,nan,nan,0,True,33.0847,40.1226
NavC_speed,10,NavC_tm8_0.15ms_g18_20000,1e+10,20,quiescent,4,-66.8228,11.453,11.5536,7,-55.2692,-3.89113,5.08437,-15.3348,3.022,6.09742e+10,16.4004,False,False,nan,nan,nan,0,True,31.1794,40.1739
NavC_speed,10,NavC_tm8_0.15ms_g18_20000,1e+10,25,quiescent,4,-66.8227,13.4413,13.6023,7,-53.2205,-4.79811,6.25128,-18.0013,3.022,6.09742e+10,16.4004,False,False,nan,nan,nan,0,True,29.4363,40.2235
NavC_speed,10,NavC_tm8_0.15ms_g18_20000,1e+10,30,quiescent,4,-66.8227,15.2117,15.4382,7,-51.3845,-5.67599,7.37401,-20.3781,3.022,6.09742e+10,16.4004,False,False,nan,nan,nan,0,True,27.8169,40.2708
NavC_speed,10,NavC_tm8_0.15ms_g18_20000,1e+10,40,quiescent,4,-66.8227,18.2214,18.6157,7,-48.207,-7.34421,9.484,-24.4246,3.022,6.09742e+10,16.4004,False,False,nan,nan,nan,0,True,24.8609,40.3558
NavC_speed,10,NavC_tm8_0.15ms_g18_20000,1e+10,50,quiescent,4,-66.8227,20.7138,21.3111,7,-45.5116,-8.8982,11.4342,-27.8024,3.022,6.09742e+10,16.4004,False,False,nan,nan,nan,0,True,22.1469,40.4302
NavC_speed,10,NavC_tm8_0.15ms_g18_20000,1e+10,75,quiescent,4,-66.8226,25.5963,27.0309,7,-39.7917,-12.3607,15.6843,-34.4405,3.022,6.09742e+10,16.4004,False,False,nan,nan,nan,0,True,15.0984,40.5821
NavC_speed,10,NavC_tm8_0.15ms_g18_20000,1e+10,100,quiescent,4,-66.8225,29.5108,29.5108,5,-37.3118,-15.3128,19.2213,-37.8214,3.022,6.09742e+10,16.4004,False,False,nan,nan,nan,0,False,nan,40.6998
NavC_speed,10,NavC_tm8_0.15ms_g18_20000,1e+10,150,quiescent,4,-66.8224,0.0997468,32.1117,4,-34.7107,-20.0588,24.7405,-41.1439,3.022,6.09742e+10,16.4004,False,False,nan,nan,nan,0,False,nan,40.8741
NavC_speed,10,NavC_tm8_0.15ms_g18_20000,1e+10,200,quiescent,4,-66.8223,0.0861938,27.4571,3,-39.3653,-23.7025,28.8427,-35.8702,3.022,6.09742e+10,16.4004,False,False,nan,nan,nan,0,False,nan,41.0007
NavC_speed,10,NavC_tm8_0.15ms_g18_20000,1e+10,300,quiescent,4,-66.8222,0.0982126,33.3366,3,-33.4856,-28.8287,34.4705,-42.5178,3.022,6.09742e+10,16.4004,False,False,nan,nan,nan,0,False,nan,41.1952
